time_h,biomass,sugar_ref,ethanol
0.0,0.49999999999999994,20.000000000000004,0.49999999999999994
0.016270337922403004,0.502388281856109,19.978944918528384,0.508421142642458
0.03254067584480601,0.5047876285751055,19.95766980313025,0.5169744653300107
0.04881101376720901,0.507198085772148,19.936172082759516,0.525661773759155
0.06508135168961202,0.5096196985858027,19.914449179745624,0.5344848802227125
0.08135168961201503,0.5120525122081213,19.892498497675064,0.5434456111237809
0.09762202753441802,0.5144965718921188,19.870317418572235,0.5525458091009567
0.11389236545682102,0.5169519229362127,19.847903303929566,0.5617873323171471
0.13016270337922403,0.5194186106970571,19.825253493436122,0.5711720553697881
0.14643304130162704,0.5218966805915186,19.80236530484043,0.5807018693859731
0.16270337922403005,0.524386178058681,19.779236039504383,0.5903786779527758
0.17897371714643304,0.5268871485806668,19.75586297926905,0.6002043994170851
0.19524405506883605,0.5293996376937906,19.73224338475216,0.6101809681357038
0.21151439299123906,0.5319236909539553,19.708374499131494,0.6203103317499236
0.22778473091364204,0.5344593539479671,19.684253547049202,0.6305944519678854
0.24405506883604505,0.5370066723073087,19.65987773327962,0.6410353055157199
0.26032540675844806,0.5395656916745776,19.635244246236446,0.6516348816194057
0.2765957446808511,0.5421364577088509,19.61035025739977,0.6623951824167543
0.2928660826032541,0.5447190161056844,19.585192919180614,0.6733182244929699
0.3091364205256571,0.5473134125687251,19.559769368167995,0.6844060365362352
0.3254067584480601,0.5499196928003023,19.534076726232794,0.6956606585395838
0.34167709637046306,0.5525379025149323,19.50811209890087,0.7070841429788858
0.3579474342928661,0.555168087430733,19.481872576594945,0.7186785539053944
0.3742177722152691,0.5578102932679804,19.45535523500362,0.7304459666708201
0.3904881101376721,0.5604645657350902,19.428557136372927,0.7423884670077872
0.4067584480600751,0.5631309505312057,19.401475329584795,0.7545081509571668
0.4230287859824781,0.5658094933476995,19.374106850317162,0.7668071247380192
0.43929912390488113,0.568500239854547,19.346448722298316,0.7792875038553324
0.4555694618272841,0.5712032356989336,19.31849795784506,0.7919514126950706
0.4718397997496871,0.5739185265002533,19.290251558845164,0.8048009837971899
0.4881101376720901,0.5766461578468476,19.261706516892648,0.8178383577681623
0.5043804755944932,0.5793861752906302,19.23285981428518,0.8310656825443249
0.5206508135168961,0.5821386243406276,19.20370842527638,0.8444851124653153
0.5369211514392991,0.5849035504606728,19.174249316131736,0.8580988082428987
0.5531914893617021,0.5876809990635814,19.144479446196865,0.8719089361721369
0.5694618272841051,0.5904710155040926,19.11439576932463,0.885917667073657
0.5857321652065082,0.5932736450763182,19.08399523399645,0.9001271762138959
0.6020025031289111,0.5960889330079179,19.053274784392595,0.9145396425145842
0.6182728410513142,0.598916924452721,19.022231361919104,0.929157247420081
0.6345431789737171,0.6017576644868856,18.99086190569952,0.9439821745402381
0.6508135168961202,0.6046111981029593,18.95916335368077,0.9590166088332547
0.6670838548185232,0.6074775702042199,18.927132643660784,0.9742627358467707
0.6833541927409261,0.6103568255983952,18.894766714491794,0.9897227408278644
0.6996245306633292,0.6132490089915771,18.862062507228835,1.0053988078737683
0.7158948685857321,0.6161541649830056,18.829016966022067,1.0212931192743036
0.7321652065081352,0.6190723380581523,18.795627039509125,1.0374078544800942
0.7484355444305382,0.6220035725823077,18.761889682058783,1.0537451891819651
0.7647058823529412,0.6249479127945341,18.72780185490493,1.0703072944724341
0.7809762202753442,0.6279054028009272,18.69336052748544,1.0870963358537566
0.7972465581977471,0.6308760865678928,18.658562678775276,1.1041144722502945
0.8135168961201502,0.6338600079153254,18.623405298637525,1.1213638550073466
0.8297872340425532,0.6368572105097124,18.587885389207365,1.1388466268653437
0.8460575719649562,0.6398677378571079,18.551999966311833,1.1565649209071982
0.8623279098873592,0.6428916332958725,18.51574606093974,1.1745208594681171
0.8785982478097623,0.6459289399893889,18.479120720732443,1.1927165530296822
0.8948685857321652,0.6489797009186647,18.442121011507595,1.2111540990892584
0.9111389236545682,0.6520439588746874,18.404744018829668,1.2298355809944646
0.9274092615769712,0.6551217564507295,18.366986849608303,1.24876306675667
0.9436795994993742,0.658213136034565,18.328846633728617,1.267938607840499
0.9599499374217773,0.6613181398004286,18.29032052572112,1.2873642379239474
0.9762202753441802,0.6644368097008971,18.251405706464826,1.3070419716334867
0.9924906132665833,0.6675691874587074,18.21209938492487,1.3269738032531249
1.0087609511889863,0.670715314558305,18.172398799920472,1.3471617054112321
1.0250312891113893,0.6738752322372912,18.132301221928017,1.3676076277409404
1.0413016270337923,0.6770489814778266,18.091803954926043,1.3883134955087932
1.0575719649561952,0.6802366029977597,18.05090433825907,1.4092812082299673
1.0738423028785982,0.6834381372416247,18.009599748534384,1.430512638258812
1.0901126408010013,0.6866536243716183,17.967887601572947,1.4520096293382463
1.1063829787234043,0.6898831042582938,17.925765354365563,1.473773995146083
1.1226533166458073,0.6931266164711015,17.88323050705604,1.4958075178214179
1.1389236545682102,0.6963842002689208,17.840280604994437,1.5181119464374535
1.1551939924906134,0.6996558945903085,17.796913240781198,1.5406889954824632
1.1714643304130163,0.7029417380435725,17.753126056327975,1.5635403433285682
1.1877346683354193,0.7062417688968423,17.708916745007542,1.5866676306325644
1.2040050062578223,0.7095560250678613,17.664283053779943,1.610072458755931
1.2202753441802252,0.7128845441135823,17.619222785321526,1.6337563881834132
1.2365456821026284,0.7162273632197622,17.573733800262904,1.6577209368584025
1.2528160200250313,0.7195845191902859,17.527814019390206,1.6819675785473915
1.2690863579474343,0.722956048436273,17.481461425831522,1.7064977412166307
1.2853566958698373,0.7263419869651847,17.434674067371606,1.7313128053107643
1.3016270337922404,0.7297423703696638,17.38745005871984,1.756414102068179
1.3178973717146434,0.7331572338161486,17.339787583742222,1.781802911864877
1.3341677096370463,0.7365866120334708,17.291684897838554,1.8074804624472955
1.3504380475594493,0.7400305393012062,17.243140330267362,1.8334479272061326
1.3667083854818523,0.7434890494377812,17.194152286410212,1.8597064234974805
1.3829787234042554,0.7469621757885541,17.144719250194356,1.88625701084299
1.3992490613266584,0.7504499512136592,17.09483978646301,1.913100689171009
1.4155193992490613,0.7539524080756026,17.044512543257856,1.9402383971258903
1.4317897371714643,0.757469578226808,16.993736254267,1.9676710102509138
1.4480600750938672,0.7610014929969496,16.94250974122747,1.9953993392068863
1.4643304130162704,0.7645481831800207,16.89083191621043,2.023424128081428
1.4806007509386734,0.7681096790213403,16.838701784071596,2.051746052572221
1.4968710888610763,0.7716860102043569,16.78611844487085,2.0803657181946016
1.5131414267834793,0.7752772058371881,16.733081096143625,2.109283658603549
1.5294117647058825,0.7788832944390697,16.679589035328227,2.1385003337968085
1.5456821026282854,0.7825043039266272,16.625641662185693,2.168016128324464
1.5619524405506884,0.7861402615998707,16.571238481039423,2.197831349637282
1.5782227784730913,0.789791194128084,16.51637910315167,2.227946226330986
1.5944931163954943,0.7934571275355472,16.46106324912462,2.2583609063723262
1.6107634543178975,0.7971380871869848,16.405290751089353,2.2890754554883412
1.6270337922403004,0.800834097772881,16.34906155500167,2.320089855474503
1.6433041301627034,0.8045451832946481,16.292375723003524,2.3514040024533145
1.6595744680851063,0.8082713670495222,16.235233435556584,2.3830177053081023
1.6758448060075095,0.8120126716152948,16.177634993608333,2.414930684092466
1.6921151439299125,0.8157691188348969,16.119580820844423,2.4471425683746193
1.7083854818523154,0.819540729800752,16.06107146578611,2.479652895700773
1.7246558197747184,0.8233275248389467,16.00210760387848,2.5124611100663237
1.7409261576971213,0.8271295234931977,15.94269003953104,2.5455665604242834
1.7571964956195245,0.8309467445086445,15.882819708131816,2.5789684992145125
1.7734668335419275,0.8347792058154548,15.822497678026133,2.612666080920618
1.7897371714643304,0.8386269245121911,15.76172515237529,2.646658360719611
1.8060075093867334,0.8424899168490227,15.700503471026828,2.680944293123123
1.8222778473091363,0.846368198210749,15.638834112340563,2.715522730653022
1.8385481852315395,0.8502617830995826,15.576718694880421,2.750392422620645
1.8548185231539425,0.8541706851177715,15.514158979096804,2.7855520139136316
1.8710888610763454,0.858094916950026,15.451156868935174,2.8210000438396556
1.8873591989987484,0.8620344903457253,15.387714413363888,2.856734945032878
1.9036295369211516,0.8659894161009432,15.323833807835546,2.892755042411533
1.9198998748435545,0.8699597040402797,15.259517395669027,2.9290585521965338
1.9361702127659575,0.8739453629984818,15.194767669355556,2.9656435809891426
1.9524405506883604,0.8779464008018755,15.129587271780295,3.002508124913466
1.9687108886107634,0.8819628242496087,15.0639789973594,3.039650068823808
1.9849812265331666,0.8859946390946796,14.997945793087123,3.0770671855817544
2.0012515644555693,0.8900418500247766,14.931490759492394,3.1147571354026056
2.0175219023779727,0.8941044606429329,14.864617151504094,3.1527174652717096
2.0337922403003756,0.8981824734479644,14.79732837921323,3.1909456084404924
2.0500625782227786,0.9022758898147234,14.72962800853783,3.22943888399694
2.0663329161451816,0.9063847099741664,14.661519761791451,3.2681944965096585
2.0826032540675845,0.9105089329932097,14.593007518135746,3.3072095357613844
2.0988735919899875,0.9146485567543968,14.524095313928834,3.346480976562095
2.1151439299123904,0.9188035779353911,14.45478734297345,3.386005678638474
2.1314142678347934,0.9229739919882529,14.385087956637978,3.4257803866211898
2.1476846057571963,0.9271597931185315,14.31500166386571,3.4658017301174975
2.1639549436795997,0.9313609742641893,14.244533131081443,3.5060662238618483
2.1802252816020027,0.9355775270743132,14.17368718196191,3.5465702679709965
2.1964956195244056,0.9398094418876438,14.102468797086186,3.5873101482906864
2.2127659574468086,0.9440567077109414,14.03088311348236,3.628282036820891
2.2290362953692116,0.9483193121971487,13.958935424031786,3.669481992250135
2.2453066332916145,0.9525972416233689,13.886631176744274,3.710905960588146
2.2615769712140175,0.9568904808686933,13.813975973929905,3.7525497758765765
2.2778473091364204,0.9611990133918328,13.74097557122527,3.7944091610108908
2.2941176470588234,0.9655228212085659,13.66763587648112,3.8364797286677796
2.3103879849812268,0.9698618848690475,13.593962948548237,3.8787569823091608
2.3266583229036297,0.9742161834349331,13.519962995918148,3.921236317296656
2.3429286608260327,0.9785856944563212,13.445642375215284,3.963913022119131
2.3591989987484356,0.982970393948568,13.371007589590228,4.006782279694305
2.3754693366708386,0.9873702563689374,13.29606528697191,4.049839168777365
2.3917396745932415,0.9917852545930624,13.220822258161158,4.093078665490163
2.4080100125156445,0.9962153598913022,13.145285434829638,4.136495644920959
2.4242803504380475,1.0006605419049466,13.069461887385,4.18008488282519
2.4405506883604504,1.0051207686222414,12.993358822668146,4.223841057453683
2.456821026282854,1.0095960063543195,12.91698358156395,4.267758751444959
2.4730913642052568,1.0140862197110088,12.840343636484185,4.3118324538136035
2.4893617021276597,1.0185913715764408,12.763446588665957,4.3560565620786855
2.5056320400500627,1.0231114230846197,12.686300165407697,4.400425384437225
2.5219023779724656,1.0276463335949113,12.60891221720397,4.44493314201272
2.5381727158948686,1.0321960606672262,12.531290714635645,4.48957397129105
2.5544430538172715,1.0367605600372893,12.453443745247206,4.534341926561686
2.5707133917396745,1.0413397855919329,12.375379510350653,4.579230982410749
2.5869837296620775,1.04593368934385,12.297106321533768,4.624235036444842
2.603254067584481,1.0505422214066198,12.218632597191196,4.66934791198941
2.619524405506884,1.0551653299699015,12.139966859020912,4.7145633608068565
2.6357947434292868,1.0598029612738447,12.061117728176962,4.759875066086616
2.6520650813516897,1.064455059583913,11.98209392147374,4.805276645385217
2.6683354192740927,1.0691215671660113,11.902904247609793,4.8507616535435085
2.6846057571964956,1.0738024242607012,11.823557602993274,4.896323585918175
2.7008760951188986,1.0784975690578809,11.744062967643984,4.941955881544405
2.7171464330413015,1.0832069376719067,11.664429401176548,4.987651926227317
2.7334167709637045,1.0879304641157401,11.584666038341565,5.03340505598046
2.7496871088861075,1.0926680802755495,11.504782084652424,5.079208560389507
2.765957446808511,1.0974197158859254,11.42478681215988,5.125055685852773
2.782227784730914,1.1021852985040734,11.344689554760276,5.170939639186181
2.7984981226533168,1.1069647534844234,11.264499703575598,5.216853591165377
2.8147684605757197,1.1117580039539507,11.184226702522855,5.262790679912819
2.8310387984981227,1.1165649707867442,11.103880043514772,5.30874401457048
2.8473091364205256,1.1213855725788429,11.023469261679036,5.354706678952574
2.8635794743429286,1.1262197256233648,10.943003930599165,5.400671735176693
2.8798498122653315,1.131067343885646,10.862493657483059,5.4466322273455825
2.8961201501877345,1.1359283389785273,10.781948078301735,5.492581185247256
2.912390488110138,1.1408026201376649,10.70137685284587,5.538511628116151
2.928660826032541,1.1456900941971335,10.620789659814799,5.584416568362359
2.944931163954944,1.1505906655652454,10.540196191902114,5.630289015298035
2.9612015018773468,1.155504236200372,10.459606150777693,5.676121978942375
2.9774718397997497,1.1604307055870775,10.379029242111864,5.721908473787317
2.9937421777221527,1.1653699707125371,10.298475170627153,5.767641522535932
3.0100125156445556,1.1703219260431308,10.217953635100901,5.813314159876475
3.0262828535669586,1.17528646350132,10.13747432338986,5.85891943623378
3.0425531914893615,1.1802634724427663,10.057046907471356,5.904450421502248
3.058823529411765,1.1852528396338362,9.976681038498942,5.9499002087642845
3.075093867334168,1.190254449229418,9.896386341882408,5.995261917984931
3.091364205256571,1.1952681827509815,9.816172412392106,6.040528699682031
3.107634543178974,1.2002939190651292,9.736048809300202,6.085693738564439
3.1239048811013768,1.205331534362528,9.656025051559924,6.130750257136281
3.1401752190237797,1.2103809021371454,9.576110613031048,6.1756915192596304
3.1564455569461827,1.215441893166033,9.496314917751363,6.220510833678471
3.1727158948685856,1.2205143754895837,9.416647335260226,6.265201557498101
3.1889862327909886,1.2255982143921456,9.337117175991898,6.309757099604744
3.205256570713392,1.2306932723832553,9.257733686723054,6.3541709240403055
3.221526908635795,1.2357994091794293,9.178506046083832,6.398436553324093
3.237797246558198,1.240916481686387,9.099443360162189,6.442547571696674
3.254067584480601,1.2460443439819509,9.020554658170441,6.486497628312823
3.270337922403004,1.2511828472996094,8.941848888184394,6.530280440374881
3.2866082603254068,1.2563318400125711,8.863334912997736,6.573889796171504
3.3028785982478097,1.261491167618583,8.78502150604704,6.617319558059144
3.3191489361702127,1.2666606727254845,8.70691734741621,6.6605636653790885
3.3354192740926156,1.2718401950373541,8.629031019975415,6.703616137265371
3.351689612015019,1.2770295713414812,8.551371005599718,6.746471075388556
3.367959949937422,1.2822286354961634,8.47394568147219,6.789122666631655
3.384230287859825,1.2874372184191964,8.39676331653693,6.83156518564542
3.400500625782228,1.2926551480772586,8.319832068041858,6.873792997331951
3.416770963704631,1.2978822494761997,8.24315997816922,6.915800559258342
3.433041301627034,1.3031183446521397,8.166754970827323,6.957582423941519
3.4493116395494368,1.308363252663521,8.090624848542705,6.999133241053388
3.4655819774718397,1.3136167895841584,8.014777289441957,7.0404477595549135
3.4818523153942427,1.3188787684972028,7.939219844401598,7.081520829696809
3.498122653316646,1.3241489994901332,7.863959934309398,7.122347404932208
3.514392991239049,1.3294272896508266,7.789004847416255,7.162922543758032
3.530663329161452,1.3347134430646574,7.714361736858382,7.2032414114219
3.546933667083855,1.3400072608126958,7.640037618302045,7.24329928153274
3.563204005006258,1.345308540971065,7.566039367678772,7.283091537600534
3.579474342928661,1.3506170786114338,7.492373719089042,7.322613674443805
3.595744680851064,1.3559326658026989,7.419047262839057,7.36186129949293
3.6120150187734668,1.3612550916138888,7.346066443570455,7.400830134021081
3.6282853566958697,1.3665841421183136,7.273437558544614,7.4395160142544485
3.6445556946182727,1.371919600398989,7.201166756066356,7.477914892373855
3.660826032540676,1.3772612465553544,7.129260034022955,7.516022837426806
3.677096370463079,1.3826088577113247,7.0577232385571635,7.553836036135511
3.693366708385482,1.387962208024714,6.9865620628681,7.591350793605976
3.709637046307885,1.3933210686980237,6.91578204614589,7.628563533933387
3.725907384230288,1.3986852079906467,6.845388572631847,7.665470800710664
3.742177722152691,1.40405439123253,6.775386870797052,7.702069257445955
3.758448060075094,1.40942838083927,6.705782012660125,7.738355687872679
3.7747183979974968,1.4148069363286946,6.636578913229185,7.7743269961641275
3.7909887359198997,1.4201898143389957,6.567782330048273,7.809980207068531
3.807259073842303,1.4255767686483591,6.49939686288254,7.845312465937371
3.823529411764706,1.4309675501961507,6.431426953522282,7.880321038662916
3.839799749687109,1.4363619071057179,6.363876885692266,7.915003311535918
3.856070087609512,1.4417595847087556,6.296750785086198,7.949356791007725
3.872340425531915,1.4471603255712888,6.2300526195139545,7.983379103366769
3.888610763454318,1.452563869521329,6.163786199154879,8.017067994334948
3.904881101376721,1.4579699536781605,6.09795517692348,8.05042132857887
3.921151439299124,1.4633783124832893,6.032563048942366,8.083437089140116
3.9374217772215268,1.4687886777331138,5.9676131551144245,8.116113376791112
3.95369211514393,1.4742007786132791,5.903108679799027,8.148448409312778
3.969962453066333,1.4796143417347285,5.839052652588359,8.180440520697111
3.986232790988736,1.4850290911715247,5.775447949174452,8.212088160282352
4.002503128911139,1.4904447485003836,5.712297292311862,8.243389891816854
4.018773466833542,1.495861032841942,5.649603252872382,8.274344392454475
4.035043804755945,1.501277660903815,5.587368250981745,8.304950451689697
4.051314142678348,1.506694347025398,5.525594557242732,8.335206970228898
4.067584480600751,1.5121108032244168,5.464284294041549,8.365112958800356
4.083854818523154,1.5175267392452743,5.403439436928276,8.394667536910331
4.100125156445557,1.5229418626091569,5.343061816073797,8.423869931543356
4.11639549436796,1.5283558786659073,5.283153117798534,8.45271947581046
4.132665832290363,1.5337684906476725,5.223714886169714,8.481215607547986
4.148936170212766,1.5391793997243088,5.16474852466419,8.509357867869335
4.165206508135169,1.5445883050605567,5.106255297893328,8.537145899672504
4.181476846057572,1.5499949038749545,5.048236333387747,8.564579446105133
4.197747183979975,1.5553988915005028,4.99069262343825,8.591658348989984
4.214017521902378,1.5607999614470693,4.9336250269887705,8.61838254721417
4.230287859824781,1.5661978054654981,4.877034271580633,8.644752075082762
4.246558197747184,1.571592113613428,4.820920955343816,8.670767060640078
4.262828535669587,1.5769825743228083,4.765285549030851,8.696427723962177
4.27909887359199,1.5823688744690765,4.710128398092719,8.721734375421132
4.295369211514393,1.5877506994419828,4.655449724793018,8.746687413923818
4.311639549436796,1.593127733218047,4.601249630356288,8.771287325128686
4.3279098873591995,1.5984996584346192,4.5475280971490175,8.795534679641554
4.344180225281602,1.603866156465508,4.494284990890196,8.819430131192876
4.360450563204005,1.6092269074981638,4.441520062888007,8.84297441479921
4.376720901126408,1.6145815906123744,4.389232952300528,8.866168344910529
4.392991239048811,1.6199298838604481,4.337423188417734,8.88901281354546
4.409261576971214,1.6252714643488408,4.2860901929617405,8.911508788416882
4.425531914893617,1.6306060083212053,4.235233282403008,8.933657311049627
4.44180225281602,1.635933191242802,4.184851670290251,8.95545949489204
4.458072590738423,1.641252687886256,4.134944469590978,8.97691652342378
4.4743429286608265,1.6465641724186022,4.085510695040629,8.998029648261445
4.490613266583229,1.6518673184895694,4.0365492654982775,9.018800187263546
4.506883604505632,1.6571617993210757,3.9880590063059933,9.039229522637136
4.523153942428035,1.6624472877978702,3.9400386516499974,9.059319099047451
4.539424280350438,1.667723456559282,3.8924868469217895,9.079070421732016
4.555694618272841,1.6729899780920077,3.845402151076659,9.098485054621149
4.571964956195244,1.6782465248239147,3.798783038987682,9.11756461846635
4.588235294117647,1.683492769218767,3.752627903793839,9.136310788977566
4.60450563204005,1.6887283838718476,3.7069350592397146,9.15472529497129
4.6207759699624535,1.693953041606399,3.661702742005175,9.172809916530696
4.637046307884856,1.6991664155708357,3.616929114023793,9.190566483178726
4.6533166458072595,1.7043681793366505,3.5726122647877743,9.207996872065797
4.669586983729662,1.7095580069969725,3.5287502136379603,9.225103006173262
4.685857321652065,1.7147355732656897,3.4853409120378127,9.241886852533328
4.702127659574468,1.7199005535770846,3.4423822458295064,9.25835042046693
4.718397997496871,1.7250526241859179,3.399872037470748,9.27449575984051
4.734668335419274,1.730191462267873,3.3578080482515134,9.290324959342291
4.750938673341677,1.7353167460203132,3.316187980489015,9.305840144779326
4.767209011264081,1.740428154763272,3.275009479699779,9.321043477396097
4.783479349186483,1.7455253690406,3.234270136748065,9.335937152215218
4.7997496871088865,1.7506080707212037,3.193967489969325,9.350523396401165
4.816020025031289,1.7556759431003004,3.154099027267667,9.364804467647833
4.832290362953692,1.7607286710006136,3.1146621881867325,9.378782652590207
4.848560700876095,1.7657659408734347,3.075654365952946,9.392460265241015
4.864831038798498,1.7707874408994808,3.0370729094902322,9.405839645452861
4.881101376720901,1.7757928610894655,2.9989151254057904,9.418923157406226
4.897371714643304,1.780781893384309,2.961178279946059,9.431713188123807
4.913642052565708,1.7857542317549209,2.923859600922204,9.44421214601173
4.92991239048811,1.7907095723014625,2.8869562796047576,9.456422459427811
4.9461827284105135,1.7956476133520296,2.8504654725868126,9.468346575277273
4.962453066332916,1.8005680555606642,2.8143843036152485,9.47998695763622
4.9787234042553195,1.8054706020046372,2.778709865389698,9.49134608640305
4.994993742177722,1.8103549582809053,2.743439221328905,9.50242645597799
5.011264080100125,1.8152208326016868,2.708569407304022,9.51323057397101
5.027534418022528,1.8200679358890701,2.6740974333387553,9.523760959938151
5.043804755944931,1.824895981868583,2.6400202852760493,9.534020144146364
5.060075093867335,1.8297046871616494,2.6063349264111526,9.544010666366981
5.076345431789737,1.8344937713768656,2.5730382990909,9.553735074697792
5.092615769712141,1.83926295720002,2.5401273262791872,9.563195924413739
5.108886107634543,1.844011970482781,2.50759891308852,9.572395776846154
5.1251564455569465,1.8487405403299983,2.475449948277592,9.581337198290605
5.141426783479349,1.8534483991855317,2.443677305715003,9.5900227589431
5.157697121401752,1.8581352829165565,2.412277845809053,9.598455031864637
5.173967459324155,1.8628009308962645,2.381248416903756,9.606636591973933
5.190237797246558,1.8674450860849143,2.350585856641143,9.614570015068194
5.206508135168962,1.8720674951091496,2.3202869932900296,9.622257876871691
5.222778473091364,1.8766679083395386,2.290348647041372,9.629702752111994
5.239048811013768,1.881246079966272,2.2607676312704066,9.63690721362361
5.25531914893617,1.8858017680729573,2.231540753765817,9.643873831478796
5.2715894868585735,1.8903347347084605,2.20266481792613,9.650605172145253
5.287859824780976,1.8948447459567406,2.1741366239236193,9.657103797670512
5.3041301627033794,1.8993315720046215,2.1459529698359656,9.663372264892594
5.320400500625782,1.9037949872074575,2.11811065274605,9.669413124676737
5.336670838548185,1.9082347701526439,2.090606469810079,9.67522892117785
5.352941176470588,1.912650703720926,2.0634372192944794,9.680822191128332
5.369211514392991,1.9170425751454663,2.0365997015818764,9.686195463150924
5.385481852315395,1.9214101760686293,2.0100907201464966,9.691351257096258
5.401752190237797,1.9257533025964488,1.983907082499392,9.696292083404737
5.418022528160201,1.930071755350736,1.958045601103922,9.70102044249233
5.434292866082603,1.934365339518803,1.9325030942618069,9.705538824159964
5.4505632040050065,1.9386338649007726,1.9072763869702143,9.709849707026091
5.466833541927409,1.942877145954433,1.882362311750366,9.713955557982
5.483103879849812,1.947095001837632,1.857757709447947,9.717858831669563
5.499374217772215,1.951287256448181,1.8334594300058877,9.721561969980927
5.515644555694618,1.9554537384612334,1.809464333209938,9.725067401579766
5.531914893617022,1.9595942813641518,1.7857692894074375,9.728377541443693
5.548185231539424,1.9637087234888215,1.7623711801997706,9.731494790427428
5.564455569461828,1.9677969080414128,1.7392668991090194,9.734421534846232
5.58072590738423,1.971858683129579,1.716453352219197,9.737160146079255
5.5969962453066335,1.9758939017870882,1.693927458792555,9.739712980192389
5.613266583229036,1.9799024219958743,1.6716861518615227,9.742082377580093
5.629536921151439,1.9838841067055208,1.649726378796621,9.7442706626259
5.645807259073842,1.9878388238501692,1.6280451018509086,9.746280143381098
5.662077596996245,1.9917664463628562,1.6066392986814444,9.748113111261187
5.678347934918649,1.9956668521872885,1.5855059628482098,9.749771840759662
5.694618272841051,1.999539924287073,1.5646421042909517,9.751258589178796
5.710888610763455,2.0033855506523945,1.5440447497844945,9.752575596376847
5.727158948685857,2.0072036243041698,1.5237109433729434,9.75372508453142
5.743429286608261,2.0109940432956974,1.5036377467832178,9.7547092579185
5.759699624530663,2.014756710711809,1.483822239818497,9.755530302706731
5.7759699624530665,2.018491534665552,1.4642615207319443,9.756190386766576
5.792240300375469,2.0221984282924232,1.4449527065811998,9.756691659493953
5.808510638297872,2.025877309742193,1.4258929335641417,9.757036251647888
5.824780976220276,2.029528102168317,1.4070793573363598,9.757226275201857
5.841051314142678,2.033150733715002,1.3885091533107394,9.75726382320839
5.857321652065082,2.036745137501934,1.3701795169396893,9.757150969676571
5.873591989987484,2.040311251606703,1.352087663980444,9.756889769462004
5.889862327909888,2.043849019044979,1.3342308307438007,9.756482258168942
5.90613266583229,2.047358387748458,1.3166062743268403,9.75593045206415
5.9224030037546935,2.050839310540615,1.2992112728300151,9.755236348002121
5.938673341677096,2.0542917451103344,1.2820431255589868,9.754401923361353
5.954943679599499,2.0577156539834185,1.2650991532117049,9.753429135991297
5.971214017521903,2.061111004492054,1.2483766980511324,9.752319924169557
5.987484355444305,2.064477768742261,1.2318731240639593,9.75107620656913
6.003754693366709,2.0678159235793796,1.2155858171057787,9.749699882235232
6.020025031289111,2.0711254505516408,1.199512185033129,9.748192830571432
6.036295369211515,2.074406335871875,1.1836496578227056,9.746556911334768
6.052565707133917,2.0776585703774,1.1679956876782247,9.74479396463949
6.068836045056321,2.080882149488143,1.1525477491252762,9.742905810969146
6.085106382978723,2.0840770731630607,1.1373033390945209,9.740894251196714
6.1013767209011265,2.087243345854892,1.122259976993614,9.73876106661241
6.11764705882353,2.090380976463309,1.1074152047682462,9.736508018958974
6.133917396745932,2.0934899782865224,1.0927665869525856,9.734136850474055
6.150187734668336,2.0965703689713875,1.078311710709511,9.73164928393948
6.166458072590738,2.0996221704620797,1.0640481858609978,9.729047022737056
6.182728410513142,2.1026454089473763,1.0499736449089119,9.726331750910715
6.198998748435544,2.105640114806631,1.0360857430466155,9.723505133234697
6.215269086357948,2.1086063225544667,1.0223821581616677,9.72056881528747
6.23153942428035,2.11154407078426,1.0088605908299286,9.71752442353123
6.2478097622027535,2.114453402110481,0.9955187643013755,9.714373565396652
6.264080100125157,2.117334363109931,0.9823544244779602,9.711117829372684
6.280350438047559,2.1201870042619433,0.9693653398837481,9.707758785101149
6.296620775969963,2.1230113798876054,0.9565493016276604,9.704297983475916
6.312891113892365,2.125807548088057,0.9439041233591035,9.700736956746455
6.329161451814769,2.128575570681923,0.9314276412167286,9.69707721862548
6.345431789737171,2.1313155131419377,0.9191177137706152,9.693320264400555
6.361702127659575,2.13402744453081,0.9069722219581277,9.689467571049416
6.377972465581977,2.1367114374364053,0.8949890690137069,9.68552059735879
6.394242803504381,2.139367567906273,0.8831661803928258,9.681480784046581
6.410513141426784,2.1419959153815946,0.8715015036903808,9.677349553887153
6.4267834793491865,2.1445965626306,0.8599930085537323,9.67312831183959
6.44305381727159,2.147169595681502,0.8486386865906227,9.668818445178758
6.459324155193992,2.149715103755014,0.8374365512722212,9.664421323628892
6.475594493116396,2.1522331791964886,0.8263846378314832,9.659938299499737
6.491864831038798,2.1547239174077357,0.8154810031570587,9.65537070782486
6.508135168961202,2.1571874167785774,0.8047237256829418,9.65071986650214
6.524405506883604,2.15962377861818,0.79411090527408,9.645987076436205
6.540675844806008,2.162033107086212,0.7836406631081152,9.641173621682704
6.556946182728411,2.1644155091238844,0.7733111415534737,9.636280769594233
6.5732165206508135,2.1667710943849157,0.7631205040439721,9.631309770967817
6.589486858573217,2.1690999751664677,0.7530669349501201,9.626261860193802
6.605757196495619,2.1714022663400963,0.7431486394473097,9.621138255405995
6.622027534418023,2.17367808528276,0.7333638433810423,9.615940158633018
6.638297872340425,2.1759275518079453,0.723710793129372,9.61066875595061
6.654568210262829,2.1781507880969184,0.7141877554627161,9.605325217634928
6.670838548185231,2.180347918630182,0.7047930174012008,9.599910698316613
6.687108886107635,2.1825190701191417,0.6955248860696726,9.594426337135534
6.703379224030038,2.1846643714380516,0.6863816885505446,9.588873257896195
6.719649561952441,2.186783953556254,0.6773617717346044,9.58325256922356
6.735919899874844,2.1888779494707595,0.6684635021699217,9.577565364719328
6.7521902377972465,2.1909464941392,0.6596852659089976,9.571812723118498
6.76846057571965,2.192989724413192,0.651025468354275,9.565995708446131
6.784730913642052,2.1950077789721347,0.6424825341021415,9.5601153701743
6.801001251564456,2.1970007982574904,0.6340549067855372,9.554172743379018
6.817271589486858,2.19896892440755,0.6257410489152992,9.548168848897209
6.833541927409262,2.2009123011927465,0.6175394417203329,9.542104693483514
6.849812265331665,2.2028310739515176,0.6094485849867456,9.53598126996696
6.866082603254068,2.2047253895267596,0.6014669968960263,9.529799557407385
6.882352941176471,2.2065953962028835,0.5935932138623822,9.523560521251522
6.8986232790988735,2.208441243643519,0.5858257903693364,9.517265113488731
6.914893617021277,2.21026308282987,0.5781632988056664,9.51091427280632
6.931163954943679,2.2120610659997504,0.5706043293007923,9.504508924744304
6.947434292866083,2.213835346587323,0.5631474895596875,9.4980499818497
6.963704630788485,2.215586079163563,0.5557914046974111,9.491538343830172
6.979974968710889,2.2173134193774557,0.5485347170733296,9.484974897707033
6.996245306633292,2.2190175238979566,0.5413760861251221,9.478360517967575
7.012515644555695,2.220698550356721,0.5343141882026327,9.47169606671661
7.028785982478098,2.2223566572916287,0.527347716401648,9.46498239382731
7.045056320400501,2.223992004091105,0.5204753803976755,9.458220337091106
7.061326658322904,2.2256047509392656,0.5136959062797768,9.451410722366845
7.0775969962453065,2.227195058761884,0.5070080363845383,9.444554363728964
7.09386733416771,2.228763089173201,0.5004105291302253,9.437652063614754
7.110137672090112,2.2303090044235914,0.49390215885119404,9.4307046129707
7.126408010012516,2.231832967348076,0.4874817156326037,9.423712791397735
7.142678347934919,2.2333351413157128,0.4811480051455004,9.416677367295577
7.158948685857322,2.2348156901798624,0.47489984848231287,9.409599098005929
7.175219023779725,2.236274778229329,0.4687360819928139,9.402478729954646
7.191489361702128,2.2377125701403924,0.4626555571206026,9.395316998792795
7.207759699624531,2.2391292309297337,0.45665714024014287,9.388114629536595
7.2240300375469335,2.2405249259082503,0.45073971249441086,9.3808723367062
7.240300375469337,2.241899820635781,0.44490216963318907,9.37359082446335
7.256570713391739,2.2432540808767185,0.43914342185205124,9.366270786747817
7.272841051314143,2.244587872556535,0.4334623936320693,9.358912907412682
7.289111389236545,2.2459013617192105,0.42785802358029085,9.35151786035838
7.305381727158949,2.247194714485556,0.4223292642710079,9.344086309665537
7.321652065081352,2.24846809701245,0.416875082087861,9.336618909726589
7.337922403003755,2.2497216754529754,0.41149445706680643,9.329116305376116
7.354192740926158,2.25095561591745,0.4061863827399722,9.321579132019957
7.370463078848561,2.2521700844353583,0.4009498659804401,9.314008015763067
7.386733416770964,2.2533652469181806,0.3957839268479699,9.306403573536048
7.4030037546933665,2.254541269123107,0.39068759843570233,9.298766413220488
7.41927409261577,2.2556983166176474,0.38565992671785176,9.291097133772935
7.435544430538172,2.2568365547451066,0.38069997039842485,9.283396325347661
7.451814768460576,2.257956148590953,0.3758068007609742,9.275664569418048
7.468085106382979,2.2590572629500496,0.3709795015194148,9.267902438896767
7.484355444305382,2.2601400622947523,0.36621716866991855,9.2601104982546
7.500625782227785,2.2612047107438618,0.3615189103439036,9.252289303637989
7.516896120150188,2.2622513720324324,0.35688384666213835,9.244439402985286
7.533166458072591,2.2632802094824207,0.35231110958996925,9.236561336141703
7.5494367959949935,2.2642913859741722,0.3477998427936946,9.228655634972966
7.565707133917397,2.265285063918732,0.34334920149808645,9.22072282347766
7.581977471839799,2.266261405230979,0.33895835234508553,9.212763417898302
7.598247809762203,2.2672205713035685,0.33462647325366696,9.204777926831108
7.614518147684606,2.2681627229816717,0.3303527532808977,9.196766851334488
7.630788485607009,2.2690880205385198,0.32613639248418763,9.188730685036237
7.647058823529412,2.2699966236517164,0.3219766017847454,9.180669914239436
7.663329161451815,2.2708886913803275,0.31787260283224755,9.172585018027144
7.679599499374218,2.2717643821427407,0.31382362787072254,9.16447646836573
7.6958698372966206,2.2726238536952614,0.3098289196056639,9.15634473020701
7.712140175219024,2.2734672631114696,0.3058877310723672,9.148190261589082
7.7284105131414265,2.274294766762294,0.3019993255055036,9.140013513735958
7.74468085106383,2.275106520296808,0.2981629762099294,9.131814931155883
7.760951188986233,2.2759026786237455,0.29437796643273484,9.123594951738495
7.777221526908636,2.276683395893699,0.2906435892365359,9.115354006850676
7.793491864831039,2.277448825482021,0.28695914737400835,9.10709252143127
7.809762202753442,2.2781991199723906,0.28332395316366865,9.098810914084472
7.826032540675845,2.2789344311410487,0.2797373283668964,9.090509597172149
7.842302878598248,2.279654909941687,0.27619860406620644,9.082188976904844
7.858573216520651,2.280360706490981,0.27270712054476093,9.073849453431658
7.8748435544430535,2.281051970054748,0.26926222716712694,9.065491420928934
7.891113892365457,2.2817288490347245,0.2658632822612756,9.057115267687772
7.90738423028786,2.2823914909559626,0.2625096530018202,9.048721376200389
7.923654568210263,2.283040042454801,0.2592007152944908,9.040310123245325
7.939924906132666,2.2836746492674456,0.2559358536618432,9.031881879971504
7.956195244055069,2.284295456219099,0.25271446113019996,9.023437011981178
7.972465581977472,2.2849026072136684,0.24953593911781505,9.01497587941174
7.988735919899875,2.2854962452240137,0.24639969732426478,9.006498837016425
8.005006257822277,2.2860765122827407,0.2433051536210542,8.998006234243913
8.02127659574468,2.2866435494735113,0.24025173394343732,8.98949841531687
8.037546933667084,2.287197496922884,0.2372388721834479,8.98097571930936
8.053817271589487,2.287738493792642,0.23426601008413048,8.972438480223225
8.07008760951189,2.288266678272627,0.23133259713496793,8.963887027063405
8.086357947434292,2.2887821875740473,0.2284380904685036,8.9553216839122
8.102628285356696,2.289285157923261,0.22558195475814383,8.946742770002505
8.1188986232791,2.2897757245560175,0.2227636621171418,8.938150599790015
8.135168961201503,2.2902540217121414,0.21998269199875164,8.929545483024429
8.151439299123904,2.2907201826306705,0.21723853109754768,8.920927724819625
8.167709637046308,2.2911743395453983,0.21453067325189767,8.912297625722887
8.183979974968711,2.2916166236808544,0.2118586193475919,8.903655481783105
8.200250312891114,2.2920471652486762,0.20922187722260946,8.89500158461802
8.216520650813518,2.2924660934443852,0.20661996157301998,8.886336221480546
8.23279098873592,2.292873536444542,0.20405239386001425,8.877659675324086
8.249061326658323,2.2932696214042814,0.20151870221805007,8.868972224866953
8.265331664580726,2.2936544744552085,0.19901842136411085,8.86027414465585
8.28160200250313,2.294028220703652,0.19655109250806507,8.851565705128452
8.297872340425531,2.2943909842292696,0.1941162632641196,8.842847172675045
8.314142678347935,2.2947428880839693,0.19171348756335552,8.834118809699314
8.330413016270338,2.2950840542911832,0.18934232556734465,8.825380874678244
8.346683354192741,2.2954146038454377,0.1870023435828291,8.816633622221113
8.362953692115145,2.2957346567122405,0.18469311397746063,8.807877303127675
8.379224030037546,2.2960443318282633,0.1824142150965903,8.799112164445457
8.39549436795995,2.296343747101817,0.18016523118109665,8.790338449526233
8.411764705882353,2.296633019413602,0.17794575228624676,8.78155639808166
8.428035043804757,2.296912264617739,0.17575537420157847,8.772766246238128
8.444305381727158,2.297181597543053,0.17359369837179564,8.763968226590732
8.460575719649562,2.2974411319946197,0.17146033181866543,8.755162568256543
8.476846057571965,2.297690980755561,0.16935488706391266,8.746349496927005
8.493116395494368,2.2979312555890674,0.16727698205309657,8.737529234919608
8.509386733416772,2.298162067240664,0.1652262400804629,8.728702001228784
8.525657071339173,2.298383525440696,0.16320228971476336,8.719868011576034
8.541927409261577,2.2985957389070206,0.1612047647260298,8.711027478459322
8.55819774718398,2.2987988153479213,0.1592333040132973,8.702180611201733
8.574468085106384,2.298992861465212,0.15728755153326268,8.693327615999396
8.590738423028785,2.2991779829575405,0.15536715622987313,8.684468695968695
8.607008760951189,2.2993542845238695,0.15347177196483097,8.675604051192789
8.623279098873592,2.299521869867152,0.15160105744900965,8.66673387876741
8.639549436795996,2.299680841698161,0.14975467617476862,8.65785837284597
8.655819774718399,2.299831301739499,0.14793229634915792,8.648977724684046
8.6720901126408,2.2999733507297604,0.14613359082800323,8.640092122683116
8.688360450563204,2.3001070884278487,0.1443582370508629,8.6312017524337
8.704630788485607,2.30023261361744,0.14260591697684702,8.622306796757808
8.72090112640801,2.3003500241115846,0.14087631702128808,8.613407435750787
8.737171464330412,2.3004594167574495,0.139169127993255,8.604503846822501
8.753441802252816,2.3005608874411827,0.13748404503390063,8.595596204737904
8.76971214017522,2.3006545310929045,0.1358207675556356,8.586684681656994
8.785982478097623,2.3007404416918176,0.13417899918211465,8.57776944717418
8.802252816020026,2.300818712271424,0.13255844768903038,8.568850668357022
8.818523153942428,2.300889434924855,0.13095882494570493,8.5599285097844
8.834793491864831,2.3009527008102997,0.12937984685746673,8.551003133584095
8.851063829787234,2.301008600156529,0.12782123330880818,8.54207469946983
8.867334167709638,2.3010572222685153,0.12628270810731262,8.533143364777686
8.88360450563204,2.3010986555331354,0.12476399892834103,8.524209284502028
8.899874843554443,2.301132987424957,0.12326483726047005,8.515272611330834
8.916145181476846,2.301160304512105,0.1217849583516756,8.506333495680526
8.93241551939925,2.3011806924621974,0.12032410115624728,8.497392085730223
8.948685857321653,2.301194236048354,0.11888200828242958,8.48844852745553
8.964956195244055,2.301201019155263,0.11745842594077988,8.47950296466175
8.981226533166458,2.301201124785323,0.11605310389323337,8.470555539016635
8.997496871088861,2.3011946350648227,0.11466579540286814,8.461606390082597
9.013767209011265,2.3011816312501887,0.11329625718436091,8.452655655348474
9.030037546933666,2.301162193734274,0.11194424935512509,8.443703470260752
9.04630788485607,2.3011364020526988,0.1106095353871217,8.434749968254367
9.062578222778473,2.301104334890222,0.10929188205933832,8.42579528078298
9.078848560700877,2.301066070087166,0.1079910594109234,8.416839537348837
9.09511889862328,2.301021684645865,0.10670684069497023,8.407882865532123
9.111389236545682,2.3009712547371497,0.10543900233294234,8.398925391019922
9.127659574468085,2.3009148557068637,0.10418732386973166,8.389967237634675
9.143929912390488,2.3008525620823956,0.10295158792934188,8.381008527362226
9.160200250312892,2.30078444757925,0.1017315801711885,8.37204938037946
9.176470588235293,2.3007105851076197,0.10052708924700904,8.363089915081478
9.192740926157697,2.3006310467789897,0.09933790675837322,8.354130248108369
9.2090112640801,2.3005459039127505,0.09816382721478861,8.345170494371578
9.225281602002504,2.300455227042818,0.09700464799239165,8.336210767079855
9.241551939924907,2.3003590859242724,0.09586016929321693,8.327251177764827
9.257822277847309,2.300257549539999,0.0947301941050384,8.318291836306138
9.274092615769712,2.30015068610733,0.0936145281617733,8.309332850956242
9.290362953692116,2.300038563084695,0.09251297990444382,8.300374328364791
9.306633291614519,2.2999212471782657,0.09142536044268657,8.29141637360266
9.32290362953692,2.299798804348605,0.09035148351680466,8.28245909018559
9.339173967459324,2.2996712998173034,0.08929116546035408,8.273502580097468
9.355444305381727,2.2995387980736197,0.08824422516325875,8.264546943813269
9.37171464330413,2.2994013628811003,0.08721048403544518,8.255592280321617
9.387984981226534,2.299259057284202,0.08618976597099184,8.246638687147009
9.404255319148936,2.2991119436148946,0.08518189731278542,8.237686260371705
9.42052565707134,2.2989600834992516,0.08418670681767662,8.228735094657262
9.436795994993743,2.2988035378640266,0.08320402562213103,8.21978528326577
9.453066332916146,2.2986423669432154,0.08223368720836578,8.210836918080714
9.469336670838548,2.298476630284594,0.081275527370967,8.201890089627549
9.485607008760951,2.2983063867562405,0.08032938418398124,8.192944887093942
9.501877346683354,2.2981316945530383,0.07939509796847515,8.184001398349736
9.518147684605758,2.297952611203152,0.07847251126055521,8.17505970996652
9.534418022528161,2.297769193574479,0.07756146877984378,8.166119907237027
9.550688360450563,2.297581497881083,0.07666181739840325,8.15718207419411
9.566958698372966,2.2973895796895953,0.07577340611010266,8.148246293629485
9.58322903629537,2.2971934939255876,0.07489608600042241,8.139312647112202
9.599499374217773,2.2969932948799237,0.07402971021668829,8.130381215006786
9.615769712140175,2.2967890362150727,0.07317413393873108,8.12145207649112
9.632040050062578,2.2965807709713983,0.07232921434996475,8.112525309574067
9.648310387984981,2.296368551573412,0.071494810608879,8.103600991112788
9.664580725907385,2.296152429835998,0.07067078382093774,8.094679196829825
9.680851063829788,2.2959324569706023,0.0698569970108811,8.085760001329906
9.69712140175219,2.29570868359139,0.06905331509542308,8.076843478116475
9.713391739674593,2.295481159721362,0.06825960485633971,8.06792969960801
9.729662077596997,2.2952499347984436,0.06747573491394404,8.059018737154052
9.7459324155194,2.2950150576815327,0.0667015757009403,8.050110661051
9.762202753441802,2.2947765766565125,0.06593699943665292,8.041205540557677
9.778473091364205,2.294534539442223,0.06518188010162561,8.032303443910612
9.794743429286608,2.2942889931964,0.06443609341258509,8.02340443833916
9.811013767209012,2.294039984521573,0.06369951679776345,8.014508590080306
9.827284105131415,2.29378755947092,0.06297202937257573,8.005615964393325
9.843554443053817,2.293531763554088,0.062253511915646736,7.996726625574142
9.85982478097622,2.29327264174297,0.0615438468451815,7.98784063696951
9.876095118898624,2.293010238477446,0.060842918195677,7.978958060990985
9.892365456821027,2.2927445976710734,0.060150611594967464,7.970078959128644
9.908635794743429,2.2924757627167485,0.05946681424160054,7.961203391964629
9.924906132665832,2.292203776492312,0.058791414882538195,7.952331419186452
9.941176470588236,2.291928681366129,0.05812430379118001,7.943463099600135
9.957446808510639,2.29165051920261,0.05746537274570147,7.934598491143109
9.973717146433042,2.2913693313677017,0.05681451500770456,7.925737650896941
9.989987484355444,2.291085158734326,0.05617162530117648,7.916880635099856
10.006257822277847,2.2907980416877836,0.055536599791750484,7.908027499159063
10.02252816020025,2.2905080201311097,0.05490933606626637,7.899178297662906
10.038798498122654,2.2902151334903853,0.0542897331126253,7.890333084392819
10.055068836045056,2.2899194207200098,0.05367769129993496,7.881491912335098
10.07133917396746,2.2896209203079216,0.05307311235894053,7.87265483369249
10.087609511889863,2.289319670280786,0.05247589936273905,7.863821899895623
10.103879849812266,2.289015708209129,0.051885956707770804,7.854993161614234
10.12015018773467,2.2887090712124336,0.05130319009508504,7.8461686687682475
10.136420525657071,2.2883997959641835,0.05072750651187659,7.837348470538678
10.152690863579474,2.2880879186968777,0.05015881421328816,7.828532615378354
10.168961201501878,2.2877734752069863,0.04959702270447557,7.819721151022497
10.185231539424281,2.2874565008598626,0.04904204272293175,7.810914124499134
10.201501877346683,2.287137030594631,0.04849378622106601,7.802111582139345
10.217772215269086,2.2868150989289964,0.04795216634903383,7.793313569587348
10.23404255319149,2.286490739964046,0.04741709743781609,7.784520131810456
10.250312891113893,2.2861639873889787,0.04688849498254118,7.775731313108858
10.266583229036296,2.285834874485805,0.04636627562604826,7.766947157125254
10.282853566958698,2.285503434134003,0.045850357142688127,7.758167706854362
10.299123904881101,2.2851696988151198,0.04534065842235745,7.749393004652252
10.315394242803505,2.284833700617344,0.04483709945476385,7.740623092245564
10.331664580725908,2.2844954712400223,0.044339601313918016,7.731858010740571
10.34793491864831,2.2841550419981393,0.04384808614284982,7.723097800632109
10.364205256570713,2.2838124438267506,0.043362477138544485,7.714342501812366
10.380475594493117,2.283467707285375,0.042882698537097294,7.70559215357955
10.39674593241552,2.283120862562345,0.04240867559908176,7.696846794646414
10.413016270337923,2.2827719394791064,0.0419403345951291,7.688106463148657
10.429286608260325,2.2824209674944873,0.041477602791716243,7.67937119665319
10.445556946182728,2.282067975708912,0.04102040843715867,7.670641032166291
10.461827284105132,2.281712992868585,0.04056868074780548,7.661916006141624
10.478097622027535,2.281356047369622,0.04012234989443374,7.653196154488145
10.494367959949937,2.2809971672621447,0.039681346988839294,7.6444815125778804
10.51063829787234,2.2806363802543324,0.03924560407062056,7.635772115253592
10.526908635794744,2.280273713716431,0.038815054094153714,7.627067996836331
10.543178973717147,2.279909194684728,0.03838963091575544,7.618369191132868
10.559449311639549,2.279542849865471,0.03796926928103069,7.60967573144302
10.575719649561952,2.2791747056387615,0.037553904812403095,7.600987650566858
10.591989987484355,2.278804788062399,0.03714347399682552,7.592304980811815
10.608260325406759,2.278433122875687,0.0367379141736674,7.583627753999683
10.624530663329162,2.2780597355031995,0.03633716352277668,7.5749560014735
10.640801001251564,2.2776846510585074,0.035941161052714436,7.56628975410434
10.657071339173967,2.277307894347862,0.03554984658915836,7.557629042298002
10.67334167709637,2.2769294898738464,0.03516316076347382,7.548973896001586
10.689612015018774,2.2765494618389797,0.034781045001449615,7.540324344709991
10.705882352941176,2.2761678341492897,0.03440344151219586,7.5316804174722956
10.72215269086358,2.275784630417841,0.034030293277201445,7.523042142898044
10.738423028785983,2.275399873968226,0.03366154403955005,7.514409549163464
10.754693366708386,2.2750135878380253,0.033297138293290535,7.505782664017555
10.77096370463079,2.2746257947822177,0.032937021272960575,7.497161514788104
10.787234042553191,2.2742365172765644,0.03258113894326145,7.488546128387623
10.803504380475594,2.2738457775209473,0.03222943798888096,7.479936531319163
10.819774718397998,2.273453597442677,0.03188186580446297,7.47133274968208
10.836045056320401,2.2730599986997606,0.0315383704847213,7.462734809177689
10.852315394242803,2.2726650026841346,0.031198900814695753,7.454142735114838
10.868585732165206,2.272268630524861,0.030863406260147844,7.445556552415414
10.88485607008761,2.27187090309129,0.03053183695809531,7.436976285619736
10.901126408010013,2.27147184099618,0.030204143707482197,7.428401958891908
10.917396745932416,2.2710714645987955,0.029880277959982778,7.419833596025052
10.933667083854818,2.270669794007958,0.029560191810938146,7.411271220446502
10.949937421777221,2.2702668490850675,0.029243837990422475,7.4027148552228725
10.966207759699625,2.2698626494470915,0.028931169854437697,7.394164523065104
10.982478097622028,2.2694572144695155,0.028622141376234617,7.3856202463334055
10.99874843554443,2.269050563289264,0.028316707137758565,7.3770820470421175
11.015018773466833,2.2686427148075867,0.028014822321217363,7.368549946864514
11.031289111389237,2.2682336876929106,0.027716442700770887,7.360023967137535
11.04755944931164,2.267823500383662,0.02742152463433926,7.351504128866456
11.063829787234043,2.267412171091054,0.027130025055528497,7.342990452729453
11.080100125156445,2.2669997178018413,0.026841901465672068,7.33448295908215
11.096370463078848,2.2665861582810463,0.02655711192598619,7.325981667962053
11.112640801001252,2.2661715100746496,0.026275615049837654,7.3174865990929545
11.128911138923655,2.2657557905122556,0.02599736999512216,7.308997771889257
11.145181476846057,2.265339016709718,0.02572233645675194,7.300515205460219
11.16145181476846,2.264921205571742,0.02545047465925041,7.292038918614164
11.177722152690864,2.2645023737944556,0.025181745349453277,7.283568929862618
11.193992490613267,2.2640825378679477,0.02491610978931366,7.275105257424379
11.21026282853567,2.2636617140787783,0.024653529748809997,7.266647919229532
11.226533166458072,2.263239918512458,0.024393967498955425,7.258196932923407
11.242803504380475,2.262817167055902,0.024137385804906892,7.24975231587047
11.259073842302879,2.262393475399851,0.023883747919172745,7.241314085158173
11.275344180225282,2.2619688590412643,0.023633017574917085,7.232882257600728
11.291614518147684,2.261543333285688,0.02338515897935988,7.224456849742846
11.307884856070087,2.261116913249592,0.02314013680727092,7.2160378778633945
11.32415519399249,2.260689613862678,0.02289791619455666,7.207625357979033
11.340425531914894,2.2602614498701663,0.022658462731938618,7.199219305847771
11.356695869837298,2.259832435835048,0.02242174245872151,7.190819736972483
11.3729662077597,2.259402586140315,0.02218772185665024,7.182426666604375
11.389236545682103,2.258971914991161,0.02195636784385446,7.174040109746388
11.405506883604506,2.258540436417161,0.021727647768879203,7.165660081156573
11.42177722152691,2.258108164274418,0.021501529404800265,7.157286595351394
11.438047559449311,2.2576751122476884,0.021277980943423595,7.1489196666089985
11.454317897371714,2.2572412938524797,0.02105697098956678,7.140559308972433
11.470588235294118,2.2568067224371267,0.020838468555421933,7.13220553625281
11.486858573216521,2.2563714111848356,0.020622443054998683,7.123858362032442
11.503128911138925,2.2559353731157152,0.020408864298646,7.115517799667911
11.519399249061326,2.25549862108877,0.020197702487651587,7.1071838622931045
11.53566958698373,2.2550611678038788,0.01998892820891809,7.098856562822212
11.551939924906133,2.2546230258037445,0.019782512429714832,7.09053591395266
11.568210262828536,2.254184207475827,0.01957842649250359,7.082221928168028
11.584480600750938,2.253744725054243,0.019376642109838058,7.073914617740906
11.600750938673341,2.2533045906216493,0.019177131359335256,7.065613994735711
11.617021276595745,2.2528638161111023,0.018979866678718232,7.057320071011469
11.633291614518148,2.252422413307895,0.01878482086092889,7.0490328582245585
11.649561952440552,2.2519803938513716,0.01859196704930997,7.040752367831405
11.665832290362953,2.2515377692367147,0.01840127873285496,7.032478611091145
11.682102628285357,2.2510945508167235,0.01821272974152527,7.024211599068248
11.69837296620776,2.2506507498035555,0.018026294241633645,7.015951342635097
11.714643304130163,2.2502063772704592,0.017841946731292448,7.007697852474546
11.730913642052565,2.2497614441534775,0.017659662035926418,6.999451139082418
11.747183979974968,2.2493159612531324,0.017479415303848615,6.991211212769993
11.763454317897372,2.2488699392360916,0.017301182001898754,6.98297808366643
11.779724655819775,2.248423388636814,0.01712493791114297,6.974751761721196
11.795994993742179,2.2479763198591725,0.01695065912263429,6.966532256706409
11.81226533166458,2.2475287431780573,0.01677832203323252,6.9583195782191885
11.828535669586984,2.2470806687409643,0.016607903341483134,6.950113735683961
11.844806007509387,2.246632106569558,0.01643938004355426,6.941914738354715
11.86107634543179,2.2461830665612186,0.01627272942923043,6.933722595317251
11.877346683354192,2.245733558490567,0.016107929077962938,6.925537315491381
11.893617021276595,2.2452835920109773,0.015944956854975514,6.9173589076331
11.909887359198999,2.244833176656063,0.015783790907424707,6.909187380336733
11.926157697121402,2.244382321841152,0.015624409660614172,6.901022742037045
11.942428035043806,2.2439310368647343,0.015466791814262021,6.8928650010113195
11.958698372966207,2.243479330909906,0.015310916338820512,6.884714165381415
11.97496871088861,2.243027213045778,0.015156762471847185,6.876570243115784
11.991239048811014,2.2425746922288825,0.015004309714427129,6.868433242031472
12.007509386733418,2.2421217773045554,0.014853537827645003,6.86030316979608
12.02377972465582,2.2416684770082984,0.014704426829106531,6.852180033929707
12.040050062578223,2.241214799967134,0.014556956989508684,6.844063841806846
12.056320400500626,2.240760754700931,0.014411108829257835,6.835954600658289
12.07259073842303,2.2403063496237268,0.014266863115134941,6.827852317572969
12.088861076345433,2.239851593045023,0.01412420085700758,6.819756999499795
12.105131414267834,2.2393964931710704,0.013983103304587687,6.811668653249457
12.121401752190238,2.2389410581061386,0.013843551944234459,6.803587285496201
12.137672090112641,2.2384852958537613,0.013705528495802118,6.795512902779591
12.153942428035045,2.2380292143179816,0.013569014909531309,6.787445511506234
12.170212765957446,2.237572821304568,0.013433993362983883,6.779385117951483
12.18648310387985,2.2371161245222195,0.013300446258020392,6.77133172826112
12.202753441802253,2.2366591315837603,0.013168356217819678,6.763285348453016
12.219023779724656,2.2362018500073124,0.013037706083939705,6.755245984418764
12.23529411764706,2.2357442872174613,0.012908478913419492,6.747213641925285
12.251564455569461,2.235286450546397,0.012780657975921171,6.739188326616426
12.267834793491865,2.2348283472350556,0.01265422675091163,6.731170044014519
12.284105131414268,2.2343699844342297,0.012529168924883533,6.723158799521925
12.300375469336672,2.233911369205679,0.012405468388614662,6.7151545984225685
12.316645807259073,2.2334525085232166,0.012283109234465303,6.707157445883423
12.332916145181477,2.2329934092737944,0.012162075753713069,6.699167346956003
12.34918648310388,2.232534078258558,0.012042352433924753,6.691184306577819
12.365456821026283,2.232074522193906,0.011923923956364327,6.68320832957382
12.381727158948687,2.231614747712522,0.011806775193436998,6.675239420657811
12.397997496871088,2.2311547613644023,0.011690891206168539,6.667277584433857
12.414267834793492,2.230694569617868,0.011576257241719314,6.659322825397656
12.430538172715895,2.230234178860565,0.011462858730932895,6.651375147937907
12.446808510638299,2.229773595400449,0.011350681285918322,6.643434556337654
12.4630788485607,2.2293128254667645,0.011239710697665746,6.635501054775599
12.479349186483104,2.2288518752110025,0.011129932933694959,6.62757464732742
12.495619524405507,2.228390750707855,0.011021334135736421,6.619655337967053
12.51188986232791,2.2279294579561553,0.010913900617444043,6.611743130567964
12.528160200250314,2.2274680028797986,0.010807618862139615,6.603838028904392
12.544430538172715,2.2270063913286653,0.010702475520588202,6.595940036652604
12.560700876095119,2.2265446290795197,0.010598457408804073,6.588049157392086
12.576971214017522,2.226082721836907,0.010495551505886885,6.580165394606767
12.593241551939926,2.2256206752340324,0.010393744951887562,6.572288751686199
12.609511889862327,2.225158494833634,0.010293025045703386,6.56441923192671
12.62578222778473,2.2246961861288397,0.010193379243002024,6.556556838532579
12.642052565707134,2.2242337545440205,0.010094795154174082,6.548701574617156
12.658322903629537,2.223771205435627,0.00999726054231362,6.540853443203988
12.674593241551941,2.2233085440930194,0.00990076332122632,6.533012447227932
12.690863579474343,2.2228457757392803,0.009805291553465037,6.525178589536231
12.707133917396746,2.2223829055320294,0.009710833448392077,6.517351872889601
12.72340425531915,2.2219199385642185,0.00961737736026807,6.509532299963286
12.739674593241553,2.221456879864916,0.009524911786366946,6.501719873348113
12.755944931163954,2.2209937344000896,0.009433425365116618,6.493914595551515
12.772215269086358,2.220530507073373,0.009342906874265016,6.486116468998551
12.788485607008761,2.2200672027268222,0.00925334522907127,6.478325496032912
12.804755944931165,2.2196038261416664,0.009164729480521433,6.470541678917917
12.821026282853568,2.2191403820390514,0.009077048813568508,6.46276501983748
12.83729662077597,2.2186768750807624,0.00899029254539657,6.454995520897081
12.853566958698373,2.218213309869953,0.008904450123708359,6.447233184124715
12.869837296620776,2.2177496909518535,0.008819511125036261,6.439478011471832
12.88610763454318,2.2172860228144757,0.008735465253076254,6.43173000481426
12.902377972465581,2.2168223098893085,0.008652302337044438,6.42398916595312
12.918648310387985,2.2163585565520036,0.008570012330055863,6.416255496615727
12.934918648310388,2.215894767123051,0.008488585307525474,6.408528998456471
12.951188986232792,2.2154309458684525,0.00840801146559065,6.40080967305771
12.967459324155195,2.214967097000381,0.008328281119555093,6.393097521930618
12.983729662077597,2.2145032246778285,0.00824938470235391,6.385392546516051
13.0,2.2140393330072614,0.008171312763039376,6.377694748185376
