time_h,T,pH,DO,G,E,X,mu_G,mu_E
0.0,30.0,5.0,6.7,5.0,0.0,2.5,0.14705882352941177,0.0
0.016666666666666666,28.92252372718681,5.0,6.7,4.959219473421533,0.013853754267483896,2.5061220776375235,0.14599448169127469,0.00025810293675308864
0.03333333333333333,28.399587639240195,5.0,6.7,4.918697778453158,0.027589876724493475,2.5122180710306434,0.1447694767064879,0.0005940240944480936
0.05,28.145791061915318,5.0,6.7,4.878354396365682,0.04123277621044598,2.5183013340259937,0.14401290294578317,0.0009133657357297541
0.06666666666666667,28.022635276846774,5.0,6.7,4.838073209364154,0.054825594427299035,2.5243877097825997,0.14359960398321764,0.0011811178659206253
0.08333333333333333,27.962894914619632,5.0,6.7,4.797780893235682,0.0683982108342822,2.5304860687648505,0.14337865585352338,0.0013996013259678906
0.1,27.933937063862132,5.0,6.7,4.757437894412019,0.08196827486946286,2.5366005374812914,0.14325678387887877,0.001579697719105514
0.11666666666666667,27.91992073152377,5.0,6.7,4.717024017193448,0.09554582465456898,2.5427327815058365,0.1431841322896217,0.0017313999616969825
0.13333333333333333,27.91315622035281,5.0,6.7,4.676529165100909,0.10913663029901773,2.548883310268534,0.14313543378781157,0.0018620740451430308
0.15,27.909910869897207,5.0,6.7,4.63594831945279,0.12274414132793161,2.555052127007074,0.14309816958387492,0.0019768270829619485
0.16666666666666666,27.908372910545054,5.0,6.7,4.595278975048027,0.13637054293745812,2.561239034127668,0.14306619834621964,0.0020791827153926724
0.18333333333333332,27.907662965714174,5.0,6.7,4.554519863758194,0.15001731487862788,2.567443770957014,0.1430365180882805,0.002171623031917804
0.2,27.907354308293932,5.0,6.7,4.513670326700101,0.16368552640885445,2.573666072875623,0.1430076607680316,0.0022559526064564466
0.21666666666666667,27.90723986799275,5.0,6.7,4.472730006818836,0.17737599409828114,2.5799056945180006,0.14297890470761512,0.002333528714723337
0.23333333333333334,27.907219261327917,5.0,6.7,4.431698698979186,0.19108936835114546,2.5861624169713733,0.14294989089537594,0.0024054044897551937
0.25,27.907243802436945,5.0,6.7,4.390576276637647,0.20482618288401425,2.5924360482198034,0.14292043579038435,0.002472419047646386
0.26666666666666666,27.907289882354863,5.0,6.7,4.349362656189661,0.21858688438644774,2.59872642095045,0.14289044059434752,0.002535255438251692
0.2833333333333333,27.90734618713416,5.0,6.7,4.308057779788798,0.232371851192296,2.6050333896138707,0.1428598476521577,0.0025944790654871186
0.3,27.907407146476306,5.0,6.7,4.266661606604452,0.24618140601828883,2.611356827535897,0.14282861808487848,0.002650564657923791
0.31666666666666665,27.907470154424708,5.0,6.7,4.225174108994354,0.2600158253562194,2.617696624012698,0.14279672227456247,0.00270391504076076
0.3333333333333333,27.90753392248333,5.0,6.7,4.183595270357727,0.27387534648935885,2.624052681929617,0.14276413420879017,0.0027548754344157325
0.35,27.907597927409913,5.0,6.7,4.141925084679493,0.28776017185465247,2.6304249160204343,0.14273082955115196,0.0028037439597844156
0.36666666666666664,27.907661889787125,5.0,6.7,4.10016355586011,0.3016704738619938,2.6368132509935784,0.14269678381561704,0.0028507801639553057
0.3833333333333333,27.907725691155097,5.0,6.7,4.058310697966991,0.3156063977765604,2.643217620218257,0.1426619720304236,0.002896211484381973
0.4,27.907789295917638,5.0,6.7,4.016366535308746,0.3295680647778825,2.6496379643870607,0.14262636841486417,0.0029402385099333004
0.4166666666666667,27.907852693584214,5.0,6.7,3.9743311025437444,0.3435555745955496,2.6560742303504576,0.14258994612167095,0.0029830392750841302
0.43333333333333335,27.907915898456693,5.0,6.7,3.9322044451962697,0.3575690059653345,2.6625263707677718,0.1425526771708474,0.003024772730889447
0.45,27.907978936878706,5.0,6.7,3.8899866203643922,0.37160841883011986,2.6689943429511165,0.14251453233702488,0.0030655816404739347
0.4666666666666667,27.908041816377324,5.0,6.7,3.847677696542859,0.38567385619581357,2.675478108119806,0.14247548096985924,0.0031055950209156664
0.48333333333333334,27.90810452970339,5.0,6.7,3.80527775387039,0.3997653451799393,2.681977630876217,0.1424354909280476,0.003144930153052038
0.5,27.908167072529984,5.0,6.7,3.7627868853164155,0.41388289736956196,2.6884928787003664,0.14239452855485843,0.0031836942583553973
0.5166666666666666,27.908229468970344,5.0,6.7,3.7202051969336063,0.428026509418318,2.6950238216183897,0.1423525586730755,0.003221985910010615
0.5333333333333333,27.908291769053914,5.0,6.7,3.6775328086517627,0.442196163349814,2.701570431836928,0.14230954447868024,0.0032598962711792028
0.55,27.908353992342814,5.0,6.7,3.6347698544307505,0.4563918279092332,2.7081326831166415,0.14226544724434287,0.0032975102365683426
0.5666666666666667,27.908416102432962,5.0,6.7,3.5919164828465653,0.4706134584853735,2.714710550632137,0.14222022612041813,0.0033349073894272645
0.5833333333333334,27.90847809537337,5.0,6.7,3.548972858295402,0.4848609969541079,2.7213040106826356,0.14217383831374694,0.0033721626842377382
0.6,27.908539996726166,5.0,6.7,3.5059391617107787,0.4991343718716562,2.7279130403964555,0.14212623894711388,0.003409347155260695
0.6166666666666667,27.908601814802232,5.0,6.7,3.462815591210919,0.5134334986266854,2.7345376174738516,0.14207738076039053,0.0034465286048124518
0.6333333333333333,27.908663541850093,5.0,6.7,3.4196023628692376,0.5277582794692061,2.7411777199463736,0.14202721396323645,0.003483772158404482
0.65,27.908725175654112,5.0,6.7,3.3762997118606717,0.5421086032255441,2.7478333259598853,0.14197568614520745,0.0035211407345204014
0.6666666666666666,27.90878672196314,5.0,6.7,3.3329078933730814,0.5564843451721444,2.754504413558871,0.1419227421076144,0.0035586954944567847
0.6833333333333333,27.908848184623793,5.0,6.7,3.2894271834694613,0.5708853670817335,2.7611909604112004,0.14186832363945845,0.003596496271363641
0.7,27.908909565014767,5.0,6.7,3.2458578804056915,0.5853115164189097,2.767892943763703,0.1418123693097026,0.003634601954168791
0.7166666666666667,27.908970864200352,5.0,6.7,3.2022003051622114,0.5997626261228309,2.7746103403781355,0.14175481425050876,0.003673070843669192
0.7333333333333333,27.909032072696135,5.0,6.7,3.1584548049348204,0.6142385141906135,2.781343125676342,0.14169558988374537,0.0037119610045119873
0.75,27.909093180311263,5.0,6.7,3.114621754094018,0.6287389812834184,2.7880912744854816,0.14163462369140067,0.0037513305736626926
0.7666666666666666,27.909154172640857,5.0,6.7,3.0707015538866567,0.6432638134306641,2.7948547599635862,0.14157183891622485,0.003791238082269832
0.7833333333333333,27.909215031511426,5.0,6.7,3.026694632459512,0.6578127808602404,2.801633554095589,0.1415071542506346,0.0038317427617736923
0.8,27.909275748427792,5.0,6.7,2.982601450544308,0.6723856353350728,2.808427627154694,0.14144048354990504,0.0038729048236684203
0.8166666666666667,27.90933632852548,5.0,6.7,2.938422503205423,0.6869821096847468,2.8152369473861123,0.14137173547741486,0.003914785757341194
0.8333333333333334,27.909396780039817,5.0,6.7,2.8941583169868994,0.7016019189125761,2.8220614813760725,0.14130081305976913,0.003957448656985256
0.85,27.909457127286224,5.0,6.7,2.8498094607179985,0.7162447554386043,2.828901192896729,0.14122761330501257,0.004000958508043724
0.8666666666666667,27.90951739831816,5.0,6.7,2.805376536772262,0.7309102929843692,2.835756043824777,0.14115202666272086,0.0040453825408746265
0.8833333333333333,27.90957756763784,5.0,6.7,2.760860193289123,0.74559818093496,2.8426259929457283,0.14107393632111978,0.004090790641076145
0.9,27.90963757180467,5.0,6.7,2.7162611231524267,0.7603080447959462,2.849510996059994,0.14099321767653478,0.0041372556867310195
0.9166666666666666,27.909697330039823,5.0,6.7,2.6715800666698932,0.7750394848367308,2.856411005772583,0.14090973776787508,0.004184853895483682
0.9333333333333333,27.909756794683517,5.0,6.7,2.6268178137694402,0.7897920750542797,2.863325971288152,0.14082335474573765,0.0042336651542381485
0.95,27.90981603549664,5.0,6.7,2.581975210310991,0.8045653601107796,2.870255837858249,0.1407339173904276,0.004283773324387138
0.9666666666666667,27.909875126633406,5.0,6.7,2.537053160252025,0.8193588542330704,2.877200546613129,0.14064126388083384,0.0043352668713735835
0.9833333333333333,27.909934142372325,5.0,6.7,2.4920526288698563,0.8341720396338923,2.884160034286174,0.1405452208398803,0.0043882393763568246
1.0,27.9099929690793,5.0,6.7,2.446974650018545,0.8490043629026309,2.8911342326163747,0.14044560167358314,0.004442790354521493
1.0166666666666666,27.910051365192473,5.0,6.7,2.4018203265032674,0.8638552347996575,2.8981230683258787,0.14034220561190416,0.0044990257758895326
1.0333333333333332,27.910109297975794,5.0,6.7,2.356590841313618,0.8787240246851615,2.905126462188286,0.14023481756723447,0.004557058230697308
1.05,27.910167018975727,5.0,6.7,2.3112874591930153,0.8936100597087411,2.91214432891227,0.1401232069499569,0.004617007553992169
1.0666666666666667,27.910224403230693,5.0,6.7,2.265911533521799,0.9085126213435347,2.919176576593122,0.14000712387773048,0.0046790025882394014
1.0833333333333333,27.91028142040067,5.0,6.7,2.22046451486341,0.9234309410862457,2.9262231060303714,0.1398862989786087,0.004743181393900326
1.1,27.910338049749083,5.0,6.7,2.174947958345181,0.9383641967393314,2.9332838101402436,0.13976044112212477,0.004809692369194438
1.1166666666666667,27.910394247284188,5.0,6.7,2.1293635309334666,0.9533115087538858,2.9403585733733353,0.13962923508118658,0.004878695412031276
1.1333333333333333,27.910449977769137,5.0,6.7,2.0837130213275414,0.9682719352198443,2.947447270938248,0.13949233913863865,0.0049503631187965864
1.15,27.91050520755974,5.0,6.7,2.0379983480664143,0.9832444677687758,2.954549768162153,0.13934938223899215,0.005024882197751989
1.1666666666666667,27.910559902234137,5.0,6.7,1.9922215812157926,0.9982280205553309,2.9616659188050884,0.13919996083290043,0.005102455030161859
1.1833333333333333,27.910614015388948,5.0,6.7,1.946384946625615,1.0132214281500243,2.968795564704981,0.13904363521803534,0.005183301478788622
1.2,27.91066748921167,5.0,6.7,1.9004908314205473,1.0282234427710153,2.975938535341696,0.13887992542839325,0.005267660918388665
1.2166666666666666,27.910720261615726,5.0,6.7,1.8545418197772976,1.0432327160963466,2.983094645060534,0.1387083066864185,0.0053557944754686945
1.2333333333333334,27.910772270429412,5.0,6.7,1.8085406911635613,1.0582478001679905,2.990263693205116,0.13852820405791844,0.005447987663981994
1.25,27.910823468644928,5.0,6.7,1.7624904567645485,1.0732671289084834,2.997445461275692,0.13833898651667467,0.005544553305091839
1.2666666666666666,27.910873803524794,5.0,6.7,1.7163943654890124,1.0882890150607205,3.0046397124660436,0.1381399598788686,0.005645834998871375
1.2833333333333332,27.91092320152425,5.0,6.7,1.6702559471322802,1.1033116282690747,3.011846188303714,0.13793035885855714,0.005752211021174723
1.3,27.910971545303294,5.0,6.7,1.6240790246664274,1.1183329888258875,3.0190646076986707,0.1377093377339371,0.005864098904416336
1.3166666666666667,27.911018733201153,5.0,6.7,1.5778677532797387,1.133350947831596,3.026294663910954,0.13747595993794565,0.005981960555724297
1.3333333333333333,27.911064682829306,5.0,6.7,1.5316266549772095,1.148363169602503,3.0335360218666727,0.13722918571807027,0.006106308311820245
1.35,27.911109301917904,5.0,6.7,1.4853606582813301,1.1633671114808197,3.040788315080316,0.1369678576535747,0.0062377120369011795
1.3666666666666667,27.91115244334042,5.0,6.7,1.4390751454943502,1.1783599997942888,3.048051141993028,0.13669068370083884,0.006376807427408433
1.3833333333333333,27.91119393859704,5.0,6.7,1.392776009642627,1.1933388008876744,3.055324061562153,0.13639621760058365,0.006524305622374019
1.4,27.9112336116529,5.0,6.7,1.34646970337814,1.2083001962398443,3.06260658947626,0.13608283560698958,0.006681004613801493
1.4166666666666667,27.91127131026076,5.0,6.7,1.3001633342830508,1.2232405339706622,3.069898190777975,0.13574870926868146,0.006847802588442823
1.4333333333333333,27.91130687442591,5.0,6.7,1.25386472733134,1.2381557970431616,3.0771982750358964,0.13539177256348406,0.007025714029348676
1.45,27.911340122468804,5.0,6.7,1.2075825152284358,1.2530415572827678,3.084506189357746,0.13500968285786047,0.007215888842319509
1.4666666666666666,27.91137074074706,5.0,6.7,1.1613262674810367,1.2678929096608191,3.091821208417964,0.1345997740123727,0.00741963530540615
1.4833333333333334,27.911398342487985,5.0,6.7,1.1151066047238123,1.2827044140921042,3.0991425256212013,0.13415900022455698,0.007638447591286259
1.5,27.911422528341202,5.0,6.7,1.0689353599492488,1.2974700133370816,3.106469240648087,0.13368386823181214,0.0078740389869942
1.5166666666666666,27.91144299292871,5.0,6.7,1.0228257623930164,1.3121829393584943,3.1138003452550347,0.13317035487421847,0.00812838229400662
1.5333333333333332,27.911459540634592,5.0,6.7,0.976792629017262,1.326835615805009,3.1211347084889325,0.13261380554456367,0.008403759573652818
1.55,27.9114716361576,5.0,6.7,0.9308526575964116,1.341419508704311,3.1284710540770884,0.1320088085063525,0.008702823595355383
1.5666666666666667,27.91147840987697,5.0,6.7,0.8850247123889506,1.3559249809483982,3.1358079383825808,0.13134904041522177,0.009028673480461883
1.5833333333333333,27.91147895305936,5.0,6.7,0.8393301884092368,1.37034110673076,3.1431437222989564,0.13062707503996684,0.009384948425073125
1.6,27.911472935468783,5.0,6.7,0.7937934742038995,1.3846554357902134,3.1504765355510127,0.12983414469233387,0.009775944658508078
1.6166666666666667,27.911459579159878,5.0,6.7,0.7484425086661011,1.3988537096699363,3.1578042337750274,0.12895983387656,0.010206765189285828
1.6333333333333333,27.911437149848805,5.0,6.7,0.7033094469560524,1.412919522376552,3.1651243471896993,0.12799169301657487,0.010683508750623787
1.65,27.911404302104636,5.0,6.7,0.6584315032444233,1.4268338909834661,3.17243401561611,0.12691475209884426,0.011213508188882702
1.6666666666666667,27.911360059561897,5.0,6.7,0.613851998171303,1.4405747218356635,3.1797299077523236,0.12571089133814606,0.011805638491788319
1.6833333333333333,27.91130196294206,5.0,6.7,0.5696216610916528,1.4541161467949297,3.1870081208628314,0.12435802429341113,0.012470716006389266
1.7,27.911227366093854,5.0,6.7,0.5258003036254159,1.4674276703600928,3.194264051811311,0.12282905331450775,0.01322200982454516
1.7166666666666666,27.91113408791937,5.0,6.7,0.48245889530365343,1.4804731118064576,3.2014922371342807,0.1210905117258148,0.014075906206819474
1.7333333333333334,27.911017701688312,5.0,6.7,0.43968223662072636,1.493209242650243,3.2086861471733354,0.11910079862054554,0.015052770940783219
1.75,27.910874059863172,5.0,6.7,0.39757239597401856,1.5055840350654621,3.2158379212343458,0.11680793285210886,0.016178048129665997
1.7666666666666666,27.91069748784693,5.0,6.7,0.3562530452465635,1.517534452138312,3.222938033578493,0.11414670516107896,0.017483651143465354
1.7833333333333332,27.91048089315253,5.0,6.7,0.315875002722375,1.5289836231195135,3.229974866252241,0.11103522482934364,0.01900964880052242
1.8,27.910215432078584,5.0,6.7,0.2766231466120513,1.5398373206882336,3.2369341760775687,0.10737102586232947,0.020806164047941104
1.8166666666666667,27.909890000049604,5.0,6.7,0.23872478778641015,1.5499796958180119,3.2437984486559186,0.10302740667958592,0.022935153315452678
1.8333333333333333,27.90949096012202,5.0,6.7,0.20245914873304202,1.5592684516670983,3.2505461659284194,0.0978517935864354,0.025471187362787702
1.8499999999999999,27.909001965366855,5.0,6.7,0.1681665729710622,1.5675301605339103,3.2571510920563886,0.0916701810627528,0.028499245500447155
1.8666666666666667,27.908404557754103,5.0,6.7,0.13625392762384744,1.5745575320261955,3.263581847866551,0.08430568784825807,0.032105584634995965
1.8833333333333333,27.907680295299656,5.0,6.7,0.10718874732843621,1.5801124388983305,3.2698023443150332,0.07562448448949499,0.036355196712501696
1.9,27.906815711381682,5.0,6.7,0.08146921377294156,1.5839412891911933,3.2757740645282403,0.06562374684804473,0.04124870274874261
1.9166666666666667,27.905811165301955,5.0,6.7,0.059553894279023856,1.5858109444854245,3.2814614303858187,0.054558550119770906,0.04666025441135268
1.9333333333333333,27.904692328932416,5.0,6.7,0.04174526197086719,1.5855682126562205,3.2868407219620526,0.0430474195991846,0.05228604804681703
1.95,27.903517777986654,5.0,6.7,0.028057322243134092,1.5832073938717885,3.291910241786713,0.03202418788599972,0.05766827288989464
1.9666666666666666,27.902372279221552,5.0,6.7,0.018144650136946817,1.578906383392137,3.2966958097708154,0.02244703541036296,0.06233793038865379
1.9833333333333334,27.901342502338455,5.0,6.7,0.011363876195829447,1.5729950912525725,3.3012461306321863,0.014914061675811937,0.06600306345358
2.0,27.900488020051988,5.0,6.7,0.006945979020093644,1.565867316093389,3.305619655094089,0.009492354005395576,0.06863203844874467
2.0166666666666666,26.883646491311044,5.0,6.7,0.004204140193906554,1.5580019668978733,3.3098138879084753,0.0057252928131793215,0.06840472768360177
2.033333333333333,26.043406381005646,5.0,6.7,0.002556336015075129,1.5498466559815138,3.31380875120028,0.0034261287680142083,0.0672910672637203
2.05,25.349087304476697,5.0,6.7,0.0015682850233013663,1.5416281300797412,3.317635378041806,0.0020568624648546843,0.06580297245011689
2.0666666666666664,24.775344998486315,5.0,6.7,0.0009722297301747023,1.5334653808531724,3.321321911787054,0.0012456923091623668,0.06423694725687423
2.0833333333333335,24.301238881073843,5.0,6.7,0.0006090533898924647,1.5254123266819275,3.324892297912681,0.0007627632580580297,0.06274510259182342
2.1,23.90946568086158,5.0,6.7,0.0003852654138094646,1.5174868526831604,3.3283665377306675,0.0004724008833217165,0.06139509225320591
2.1166666666666667,23.585727352216743,5.0,6.7,0.00024582131464054047,1.5096882020151108,3.331761260860102,0.00029575103842668937,0.06020881995671437
2.1333333333333333,23.318209066968674,5.0,6.7,0.0001580285656202361,1.5020067595628452,3.3350902853268365,0.00018698045377593054,0.05918490409332849
2.15,23.09714791154824,5.0,6.7,0.00010224155828270826,1.4944293515584428,3.3383650948803023,0.00011923702503960503,0.05831106140547291
2.1666666666666665,22.914476497017528,5.0,6.7,6.650525215000522e-05,1.486942017398112,3.3415952336631207,7.66053326963473e-05,0.05757071750057323
2.183333333333333,22.763528468245596,5.0,6.7,4.3454280398797755e-05,1.479531388128647,3.3447886319468236,4.952894942592607e-05,0.056946424093898586
2.2,22.638795165559014,5.0,6.7,2.849840467800081e-05,1.472185308314571,3.347951876197265,3.219418801011469e-05,0.056421538999532395
2.216666666666667,22.535724553637838,5.0,6.7,1.874698795867607e-05,1.4648930541714527,3.351090433848438,2.101993672797652e-05,0.0559809720272691
2.2333333333333334,22.45055507818504,5.0,6.7,1.2362910655279181e-05,1.457645342523824,3.3542088408206157,1.3774918109642325e-05,0.055611436720713996
2.25,22.380178381871666,5.0,6.7,8.169244694374091e-06,1.4504342376568689,3.357310858077264,9.054526217896362e-06,0.05530144854559001
2.2666666666666666,22.32202586603845,5.0,6.7,5.406821683699922e-06,1.4432530143977547,3.360399602308378,5.9665003950338985e-06,0.05504120077718867
2.283333333333333,22.27397495454826,5.0,6.7,3.583067967504756e-06,1.436096008730217,3.3634776549412706,3.93953540577691e-06,0.05482238919841126
2.3,22.234271641346748,5.0,6.7,2.3768457648336475e-06,1.4289584720761428,3.366547152985538,2.6053768871815113e-06,0.05463802342186624
2.3166666666666664,22.201466485686392,5.0,6.7,1.5778993631256974e-06,1.42183643709514,3.3696098646752937,1.7252500263157764e-06,0.054482244236906646
2.3333333333333335,22.17436172384342,5.0,6.7,1.0481051984165079e-06,1.4147265980665744,3.3726672523826093,1.1435823263405091e-06,0.054350156101770075
2.35,22.15196757877457,5.0,6.7,6.964924841855386e-07,1.4076262065250797,3.3757205248931372,7.586200277691312e-07,0.05423767840733905
2.3666666666666667,22.133466105757712,5.0,6.7,4.6296026254069846e-07,1.400532981382003,3.3787706808769045,5.035310410532437e-07,0.054141415822193145
2.3833333333333333,22.118181402210748,5.0,6.7,3.0778386498619465e-07,1.3934450324931744,3.3818185448623495,3.3435708014762273e-07,0.05405854726845402
2.4,22.10555493681953,5.0,6.7,2.0464280226678752e-07,1.3863607959090885,3.384864797143888,2.220917912938389e-07,0.05398673129322819
2.4166666666666665,22.09512510935229,5.0,6.7,1.3605552160125813e-07,1.3792789792207918,3.387909998635408,1.4753584789363382e-07,0.05392402588253974
2.433333333333333,22.086510505470656,5.0,6.7,9.044984789758614e-08,1.3721985160888637,3.3909546112905384,9.801575957333127e-08,0.053868821639109256
2.45,22.079395925405713,5.0,6.7,6.012510579714453e-08,1.3651185279191136,3.393999015185719,6.511805396056762e-08,0.05381978529009883
2.466666666666667,22.073520896135495,5.0,6.7,3.9959833909997537e-08,1.3580382920239868,3.3970435225935773,4.325823494584871e-08,0.0537758127268334
2.4833333333333334,22.06867017027216,5.0,6.7,2.655360566012318e-08,1.3509572150938565,3.4000883896444574,2.8734457741641744e-08,0.05373598983938593
2.5,22.064665872574313,5.0,6.7,1.764020779769979e-08,1.343874811142184,3.403133825983825,1.9082989016249886e-08,0.05369955993348363
2.5166666666666666,22.061361013910528,5.0,6.7,1.1716211381827677e-08,1.336790683190059,3.4061800027579268,1.2671176478669882e-08,0.05366589666961276
2.533333333333333,22.058634123589883,5.0,6.7,7.779581135881647e-09,1.3297045080537129,3.4092270592325855,8.41187305006741e-09,0.05363448157867859
2.55,22.056384820538806,5.0,6.7,5.1640996110889156e-09,1.3226160237455102,3.4122751082598177,5.582826933598526e-09,0.053604885443778325
2.5666666666666664,22.054530168874102,5.0,6.7,3.427896273345849e-09,1.3155250190780858,3.4153242407810738,3.7053033311213903e-09,0.05357675293872075
2.5833333333333335,22.053001607128106,5.0,6.7,2.2743140526593975e-09,1.3084313248869477,3.4183745296249546,2.4580698284547462e-09,0.05354978965785752
2.6,22.051742468415952,5.0,6.7,1.5058250394538108e-09,1.3013348069264388,3.4214260325756,1.627328365855617e-09,0.05352375162136263
2.6166666666666667,22.050705934017603,5.0,6.7,9.946412746899545e-10,1.294235359996803,3.4244787949067557,1.074809931199981e-09,0.05349843660234606
2.6333333333333333,22.04985333053664,5.0,6.7,6.579541151818513e-10,1.2871329030541705,3.4275328514918146,7.109378026346878e-10,0.0534736769044707
2.65,22.049152693338563,5.0,6.7,4.356253110932777e-10,1.2800273750837625,3.4305882285849436,4.706793152518815e-10,0.05344933326638134
2.6666666666666665,22.048577599340724,5.0,6.7,2.87191678725497e-10,1.2729187317400286,3.433644945266715,3.1028741721663315e-10,0.05342528990042587
2.683333333333333,22.048106212046346,5.0,6.7,1.886016251805876e-10,1.265806942597276,3.4367030146273008,2.0376125095364817e-10,0.05340145043202143
2.7,22.047720498033197,5.0,6.7,1.251124363394595e-10,1.2586919888960446,3.439762444737636,1.3516474753710149e-10,0.05337773456851166
2.716666666666667,22.04740555069414,5.0,6.7,8.396076781343638e-11,1.251573861599673,3.442823239487265,9.070444491785158e-11,0.053354075224770474
2.7333333333333334,22.04714900411014,5.0,6.7,5.5394152890098576e-11,1.2444525597082217,3.4458853993090504,5.984216619824936e-11,0.05333041602980477
2.75,22.046940695260385,5.0,6.7,3.48102350743497e-11,1.2373280892888825,3.448948921595463,3.760479288212538e-11,0.053306709883494334
2.7666666666666666,22.046772226907862,5.0,6.7,2.0746058222449616e-11,1.2302004622221803,3.4520138012383113,2.241124927857453e-11,0.053282917098630984
2.783333333333333,22.046636626770916,5.0,6.7,1.3860585460068353e-11,1.2230696952259297,3.455080031048738,1.4972951007373205e-11,0.053259003951417916
2.8,22.04652815610438,5.0,6.7,1.057601248778212e-11,1.2159358093149573,3.458147601991429,1.1424680607971906e-11,0.053234941865606566
2.8166666666666664,22.046442050593154,5.0,6.7,7.695252368631595e-12,1.208798829060989,3.4612165035014884,8.31269852183052e-12,0.05321070630901687
2.8333333333333335,22.04637438661561,5.0,6.7,4.405741424137003e-12,1.2016587822172748,3.4642867236452597,4.759220749624329e-12,0.05318627622052522
2.85,22.04632192452463,5.0,6.7,1.6426343034320244e-12,1.1945156992777561,3.4673582493100716,1.774418005081743e-12,0.05316163334248048
2.8666666666666667,22.04628197423546,5.0,6.7,1.4000120642892908e-12,1.187369613101567,3.470431066365905,1.5123261338372675e-12,0.05313676164821495
2.8833333333333333,22.046252321155418,5.0,6.7,1.8930296644293373e-12,1.1802205587156482,3.4735051597517037,2.0448906191156748e-12,0.05311164702575897
2.9,22.046231116592953,5.0,6.7,1.732157381999116e-12,1.173068573009968,3.476580513605194,1.871109852630257e-12,0.053086276809538584
2.9166666666666665,22.046216854849206,5.0,6.7,1.1297025979421071e-12,1.165913694687502,3.4796571112840327,1.220325188370997e-12,0.05306063967795443
2.933333333333333,22.046208282271607,5.0,6.7,2.877136385289013e-13,1.158755964017008,3.4827349354725947,3.1079326837417233e-13,0.053034725266728915
2.95,22.046204360924218,5.0,6.7,5.6464814379189664e-14,1.1515954227445806,3.485813968219807,6.099425411441686e-14,0.053008524011206114
2.966666666666667,22.046204233488183,5.0,6.7,4.371780941071684e-13,1.1444321140108384,3.488894190975203,4.722472178513837e-13,0.05298202699488561
2.9833333333333334,22.04620718428269,5.0,6.7,5.150605320913035e-13,1.1372660822556135,3.4919755846299267,5.563772823988782e-13,0.05295522578140312
3.0,22.046212628670002,5.0,6.7,3.148065717959563e-13,1.1300973732068085,3.4950581295209715,3.400596419417019e-13,0.05292811236491445
3.0166666666666666,22.046220078505332,5.0,6.7,1.521852689166923e-13,1.1229260337988842,3.4981418054664277,1.6439332309677252e-13,0.052900679021171265
3.033333333333333,22.04622913274762,5.0,6.7,5.1748309758712417e-14,1.1157521121675604,3.5012265917679266,5.589951473317783e-14,0.05287291826407999
3.05,22.04623945539083,5.0,6.7,7.033876155214144e-14,1.1085756576077144,3.5043124672286545,7.598133847782129e-14,0.05284482274888136
3.0666666666666664,22.046250770049244,5.0,6.7,1.189768136556742e-13,1.1013967205800717,3.507399410150527,1.2852125085181855e-13,0.052816385245229844
3.0833333333333335,22.046262838164846,5.0,6.7,1.282905795482243e-13,1.0942153526541298,3.5104873983586784,1.3858230814742557e-13,0.05278759854160523
3.1,22.04627546820804,5.0,6.7,1.0991591214367398e-13,1.0870316066019778,3.51357640916111,1.1873370622259453e-13,0.05275845547949356
3.1166666666666667,22.046288511899615,5.0,6.7,6.837786622912906e-14,1.0798455363386144,3.5166664193743684,7.386342592578538e-14,0.0527289489327463
3.1333333333333333,22.04630183647404,5.0,6.7,1.605995877677809e-14,1.0726571969371663,3.519757405317007,1.7348374375412303e-14,0.052699071687483855
3.15,22.04631532659293,5.0,6.7,-1.790977893368156e-14,1.06546664463481,3.5228493428070298,-1.9346617564774733e-14,0.05266881644537976
3.1666666666666665,22.04632889415065,5.0,6.7,-1.3881167267898555e-14,1.0582739368452436,3.5259422071565423,-1.499482058941105e-14,0.05263817585956354
3.183333333333333,22.04634245171986,5.0,6.7,1.126496925795086e-15,1.0510791322128634,3.5290359731484617,1.2168744195558492e-15,0.052607142419505384
3.2,22.046355934679294,5.0,6.7,5.173406101203348e-15,1.0438822905621088,3.5321306150582847,5.588468195545536e-15,0.052575708537534675
3.216666666666667,22.046369285157798,5.0,6.7,2.4877192156819165e-15,1.0366834730263284,3.5352261065986714,2.6873116251645394e-15,0.05254386647737308
3.2333333333333334,22.046382458140286,5.0,6.7,2.9168960186781386e-16,1.0294827419765484,3.538322420950077,3.1509250225194723e-16,0.05251160837367105
3.25,22.046395415395118,5.0,6.7,-1.1570528431318159e-15,1.0222801616676556,3.541419530482902,-1.2498870233431241e-15,0.052478926204086805
3.2666666666666666,22.046408121289474,5.0,6.7,-3.350485051109539e-15,1.0150757972997833,3.544517407161087,-3.61930918662139e-15,0.05244581176194095
3.283333333333333,22.04642054391792,5.0,6.7,-4.2212798358427116e-15,1.007869713821445,3.5476160230567735,-4.55997613110139e-15,0.052412256649145283
3.3,22.04643265722005,5.0,6.7,-4.203626552780414e-15,1.0006619800928933,3.5507153485600504,-4.540910767864592e-15,0.05237825229802315
3.3166666666666664,22.04644443618094,5.0,6.7,-4.179156046375971e-15,0.9934526656740664,3.5538153537601462,-4.514481028707626e-15,0.05234378993030084
3.3333333333333335,22.046455854348718,5.0,6.7,-4.171450291031458e-15,0.9862418390531161,3.556916009207155,-4.506161041575477e-15,0.05230886053133994
3.35,22.046466896810305,5.0,6.7,-4.171450291031458e-15,0.9790295741885671,3.5600172830989107,-4.506164966689199e-15,0.05227345492833067
3.3666666666666667,22.04647754817424,5.0,6.7,-4.171450291031458e-15,0.9718159448121502,3.56311914373077,-4.506168752782949e-15,0.05223756370620901
3.3833333333333333,22.046487790756814,5.0,6.7,-4.171450291031458e-15,0.9646010239419531,3.566221559704955,-4.506172393571144e-15,0.05220117718975186
3.4,22.046497611488867,5.0,6.7,-4.171450291031458e-15,0.957384890771125,3.5693244969684113,-4.506175884408471e-15,0.05216428549907111
3.4166666666666665,22.046506996377058,5.0,6.7,-4.171450291031458e-15,0.950167623256077,3.5724279219998816,-4.50617922032111e-15,0.05212687848169914
3.433333333333333,22.04651593071229,5.0,6.7,-4.171450291031457e-15,0.9429492991555023,3.575531801363129,-4.506182396080823e-15,0.05208894570971142
3.4499999999999997,22.046524400216164,5.0,6.7,-4.171450291031457e-15,0.9357300017589816,3.578636099243633,-4.506185406612466e-15,0.05205047650596008
3.466666666666667,22.046532391520604,5.0,6.7,-4.171450291031457e-15,0.9285098146284207,3.581740779709774,-4.5061882471644666e-15,0.05201145990993268
3.4833333333333334,22.046539892434776,5.0,6.7,-4.171450291031457e-15,0.9212888231662426,3.5848458060385107,-4.5061909134037106e-15,0.05197188467774076
3.5,22.046546891924987,5.0,6.7,-4.171450291031457e-15,0.9140671151508827,3.5879511404851154,-4.5061934014083874e-15,0.05193173927548405
3.5166666666666666,22.046553376622644,5.0,6.7,-4.171450291031457e-15,0.9068447794796495,3.591056744823746,-4.506195706426733e-15,0.05189101184809473
3.533333333333333,22.04655933303234,5.0,6.7,-4.171450291031457e-15,0.8996219069636521,3.5941625800056247,-4.506197823661888e-15,0.05184969022238979
3.55,22.046564749525007,5.0,6.7,-4.171450291031457e-15,0.8923985910453178,3.597268605850509,-4.506199748980396e-15,0.05180776190871739
3.5666666666666664,22.046569614967172,5.0,6.7,-4.171450291031457e-15,0.88517492730494,3.600374781258871,-4.5062014784249495e-15,0.051765214081576284
3.5833333333333335,22.046573917042313,5.0,6.7,-4.171450291031457e-15,0.8779510133209132,3.6034810642720023,-4.5062030076177055e-15,0.051722033560442804
3.6,22.046577639500743,5.0,6.7,-4.171450291031457e-15,0.8707269484407641,3.6065874121704664,-4.506204330782755e-15,0.05167820678517564
3.6166666666666667,22.046580768105702,5.0,6.7,-4.171450291031457e-15,0.8635028342762141,3.6096937812612233,-4.506205442859677e-15,0.051633719830770836
3.6333333333333333,22.04658328847545,5.0,6.7,-4.171450291031457e-15,0.8562787745235161,3.6128001269548835,-4.506206338736504e-15,0.0515885583845176
3.65,22.046585185986185,5.0,6.7,-4.171450291031457e-15,0.8490548750732861,3.6159064037184816,-4.5062070132152125e-15,0.05154270773279101
3.6666666666666665,22.046586446383532,5.0,6.7,-4.171450291031457e-15,0.8418312454842349,3.619012564441774,-4.506207461229075e-15,0.051496152759081086
3.683333333333333,22.04658705509461,5.0,6.7,-4.171450291031457e-15,0.8346079973252439,3.62211856115014,-4.5062076775981354e-15,0.05144887791637933
3.6999999999999997,22.046586997242517,5.0,6.7,-4.171450291031457e-15,0.8273852442102624,3.6252243449895825,-4.506207657034352e-15,0.05140086721217367
3.716666666666667,22.0465862577657,5.0,6.7,-4.171450291031457e-15,0.8201631020860299,3.6283298661030017,-4.5062073941840275e-15,0.051352104194954847
3.7333333333333334,22.04658482161161,5.0,6.7,-4.171450291031457e-15,0.8129416903846245,3.6314350731346066,-4.5062068836966386e-15,0.05130257194649771
3.75,22.046582673726046,5.0,6.7,-4.171450291031457e-15,0.8057211319603854,3.6345399132570293,-4.506206120221057e-15,0.05125225306482842
3.7666666666666666,22.046579798790148,5.0,6.7,-4.171450291031457e-15,0.7985015515239157,3.637644332844711,-4.506205098312053e-15,0.05120112963470276
3.783333333333333,22.046576181350886,5.0,6.7,-4.171450291031457e-15,0.7912830764192077,3.6407482771397355,-4.506203812476677e-15,0.051149183214843144
3.8,22.046571805209478,5.0,6.7,-4.171450291031457e-15,0.7840658369866379,3.6438516900957407,-4.5062022569568706e-15,0.05109639481884115
3.8166666666666664,22.046566650863564,5.0,6.7,-4.171450291031457e-15,0.7768499680797424,3.6469545137257056,-4.506200424820271e-15,0.05104274489629846
3.8333333333333335,22.046560698881116,5.0,6.7,-4.171450291031457e-15,0.7696356070644838,3.650056688962267,-4.506198309159482e-15,0.050988213311352025
3.85,22.046553929179023,5.0,6.7,-4.171450291031457e-15,0.762422894287904,3.6531581554561963,-4.5061959028356415e-15,0.050932779321398704
3.8666666666666667,22.046546321969544,5.0,6.7,-4.171450291031457e-15,0.7552119740263753,3.6562588511686536,-4.506193198814834e-15,0.05087642156568604
3.8833333333333333,22.04653785704009,5.0,6.7,-4.171450291031457e-15,0.7480029939676786,3.6593587125938924,-4.506190189912092e-15,0.05081911803519345
3.9,22.0465285133182,5.0,6.7,-4.171450291031457e-15,0.7407961048981216,3.6624576748938025,-4.506186868636757e-15,0.05076084604388994
3.9166666666666665,22.04651826954457,5.0,6.7,-4.171450291031457e-15,0.7335914615307647,3.665555671541766,-4.506183227431707e-15,0.05070158221252301
3.933333333333333,22.04650710472375,5.0,6.7,-4.171450291031457e-15,0.7263892232534755,3.668652634001,-4.506179258833558e-15,0.05064130245036228
3.9499999999999997,22.046494997179483,5.0,6.7,-4.171450291031457e-15,0.7191895525609459,3.671748492398788,-4.506174955136875e-15,0.05057998191094684
3.966666666666667,22.046481924689985,5.0,6.7,-4.171450291031457e-15,0.7119926157842174,3.674843175212781,-4.506170308442256e-15,0.05051759496958092
3.9833333333333334,22.046467862737636,5.0,6.7,-4.171450291031457e-15,0.7047985845849918,3.6779366086284484,-4.506165310034165e-15,0.05045411519943107
4.0,22.046452786356443,5.0,6.7,-4.171450291031457e-15,0.6976076344092547,3.681028717204015,-4.506159951037627e-15,0.050389515334476054
4.016666666666667,22.0464366700108,5.0,6.7,-4.171450291031457e-15,0.6904199445915317,3.6841194238256354,-4.5061542223751214e-15,0.05032376723688386
4.033333333333333,22.04641948722266,5.0,6.7,-4.171450291031457e-15,0.6832356998232142,3.687208649076012,-4.506148114634053e-15,0.050256841874745495
4.05,22.04640121059494,5.0,6.7,-4.171450291031457e-15,0.6760550899362924,3.6902963113273883,-4.5061416180750705e-15,0.05018870928516685
4.066666666666666,22.046381811938254,5.0,6.7,-4.171450291031457e-15,0.6688783087310617,3.693382327245638,-4.506134722677102e-15,0.05011933852658766
4.083333333333333,22.046361262308356,5.0,6.7,-4.171450291031457e-15,0.6617055550873429,3.696466611312436,-4.506127418150667e-15,0.05004869765038613
4.1,22.046339532281937,5.0,6.7,-4.171450291031457e-15,0.6545370345226956,3.699549075155235,-4.5061196940358976e-15,0.04997675367728702
4.116666666666666,22.046316591530147,5.0,6.7,-4.171450291031457e-15,0.6473729569455213,3.70262962851342,-4.506111539550941e-15,0.049903472531628995
4.133333333333333,22.046292408952365,5.0,6.7,-4.171450291031457e-15,0.6402135376052859,3.7057081788297213,-4.506102943639498e-15,0.049828819006842516
4.15,22.046266952693795,5.0,6.7,-4.171450291031457e-15,0.6330589974034575,3.708784631116507,-4.506093894977074e-15,0.049752756722569964
4.166666666666667,22.046240189351902,5.0,6.7,-4.171450291031457e-15,0.6259095635948829,3.7118588876541945,-4.506084381688889e-15,0.04967524808100962
4.183333333333334,22.046212083870717,5.0,6.7,-4.171450291031457e-15,0.618765470064416,3.7149308478722953,-4.506074391312303e-15,0.04959625421980155
4.2,22.04618260054436,5.0,6.7,-4.171450291031457e-15,0.6116269569188221,3.7180004085249005,-4.5060639111535085e-15,0.04951573495940695
4.216666666666667,22.046151702462424,5.0,6.7,-4.171450291031457e-15,0.6044942710405655,3.7210674634525507,-4.506052928090381e-15,0.04943364875243512
4.233333333333333,22.04611935143806,5.0,6.7,-4.171450291031457e-15,0.5973676662918191,3.7241319034945115,-4.50604142854691e-15,0.04934995262879673
4.25,22.04608550751911,5.0,6.7,-4.171450291031457e-15,0.5902474029790425,3.727193616719006,-4.506029398319416e-15,0.049264602127779555
4.266666666666667,22.046050129296475,5.0,6.7,-4.171450291031457e-15,0.5831337487306013,3.7302524880458354,-4.506016822686129e-15,0.04917755124691011
4.283333333333333,22.04601317390139,5.0,6.7,-4.171450291031457e-15,0.5760269788230563,3.73330839910608,-4.506003686406234e-15,0.049088752380832934
4.3,22.045974596837354,5.0,6.7,-4.171450291031457e-15,0.5689273762142667,3.736361228227859,-4.505989973660096e-15,0.04899815625303239
4.316666666666666,22.045934352233008,5.0,6.7,-4.171450291031457e-15,0.5618352319504969,3.739410850261281,-4.505975668139139e-15,0.048905711850742176
4.333333333333333,22.04589239407618,5.0,6.7,-4.171450291031457e-15,0.5547508461765972,3.7424571361440573,-4.505960753484493e-15,0.04881136636881396
4.35,22.045848674397867,5.0,6.7,-4.171450291031457e-15,0.5476745272714156,3.7454999532732858,-4.505945212641441e-15,0.048715065114084154
4.366666666666666,22.04580314373106,5.0,6.7,-4.171450291031457e-15,0.5406065923814631,3.7485391652759645,-4.505929028022503e-15,0.048616751432753215
4.383333333333333,22.04575575121364,5.0,6.7,-4.171450291031457e-15,0.5335473677358389,3.7515746318735834,-4.505912181543992e-15,0.048516366630061085
4.4,22.04570644383858,5.0,6.7,-4.171450291031457e-15,0.5264971895608707,3.7546062084888203,-4.5058946543594665e-15,0.04841384989176398
4.416666666666667,22.04565516601609,5.0,6.7,-4.171450291031457e-15,0.5194564047133738,3.757633745973243,-4.505876426704057e-15,0.048309138199897114
4.433333333333334,22.045601860904828,5.0,6.7,-4.171450291031457e-15,0.5124253697179333,3.760657091021282,-4.505857478367651e-15,0.04820216622742216
4.45,22.045546469741634,5.0,6.7,-4.171450291031457e-15,0.5054044516098233,3.76367608580777,-4.505837788456608e-15,0.0480928662466993
4.466666666666667,22.045488931722787,5.0,6.7,-4.171450291031457e-15,0.49839402827555523,3.766690567841505,-4.505817335351525e-15,0.04798116802859565
4.483333333333333,22.04542918221383,5.0,6.7,-4.171450291031457e-15,0.49139449013454883,3.769700369242138,-4.5057960960708454e-15,0.0478669987527359
4.5,22.045367153834928,5.0,6.7,-4.171450291031457e-15,0.48440623951252015,3.77270531700961,-4.5057740466566354e-15,0.04775028288807645
4.516666666666667,22.045302776881833,5.0,6.7,-4.171450291031457e-15,0.4774296905481833,3.7757052330642757,-4.505751162324201e-15,0.04763094207295125
4.533333333333333,22.045235978693427,5.0,6.7,-4.171450291031457e-15,0.470465269945626,3.778699933923375,-4.505727417237208e-15,0.047508894999784355
4.55,22.04516668395003,5.0,6.7,-4.171450291031457e-15,0.46351341763588066,3.7816892304165655,-4.5057027846137076e-15,0.0473840572971979
4.566666666666666,22.045094817066193,5.0,6.7,-4.171450291031457e-15,0.45657458888752667,3.784672926778358,-4.505677237576654e-15,0.04725634144201852
4.583333333333333,22.045020298994594,5.0,6.7,-4.171450291031457e-15,0.4496492525505367,3.7876508214032634,-4.50565074801774e-15,0.04712565657574438
4.6,22.0449430478176,5.0,6.7,-4.171450291031457e-15,0.44273789192071644,3.790622706474086,-4.505623286807633e-15,0.04699190837466578
4.616666666666666,22.044862978996353,5.0,6.7,-4.171450291031457e-15,0.43584100536716824,3.7935883676921116,-4.50559482388446e-15,0.04685499890906412
4.633333333333333,22.044780004943654,5.0,6.7,-4.171450291031457e-15,0.42895910776103446,3.7965475836627496,-4.505565328101933e-15,0.04671482651072522
4.65,22.04469403454583,5.0,6.7,-4.171450291031457e-15,0.4220927320329539,3.799500125225824,-4.5055347670593226e-15,0.046571285639819
4.666666666666667,22.044604974098053,5.0,6.7,-4.171450291031457e-15,0.415242427167301,3.8024457563180545,-4.505503107433875e-15,0.04642426667713534
4.683333333333334,22.04451272684013,5.0,6.7,-4.171450291031457e-15,0.40840875972451796,3.8053842333184513,-4.505470314815737e-15,0.04627365577502021
4.7,22.044417192827417,5.0,6.7,-4.171450291031457e-15,0.40159231441848303,3.8083153048000464,-4.505436353662006e-15,0.046119334684806175
4.716666666666667,22.044318264758118,5.0,6.7,-4.171450291031457e-15,0.39479369651627355,3.811238710497997,-4.505401185813285e-15,0.04596118060610336
4.733333333333333,22.0442158290572,5.0,6.7,-4.171450291031457e-15,0.38801353183507226,3.8141541813109137,-4.505364770878917e-15,0.04579906599806217
4.75,22.04410976781472,5.0,6.7,-4.171450291031457e-15,0.381252466348528,3.817061439470127,-4.505327066925913e-15,0.04563285837581392
4.766666666666667,22.04399995737836,5.0,6.7,-4.171450291031457e-15,0.37451116751479496,3.819960197968632,-4.50528802997853e-15,0.04546242012878907
4.783333333333333,22.043886274379407,5.0,6.7,-4.171450291031457e-15,0.36779032592991934,3.822850159850129,-4.505247616160352e-15,0.045287608371445104
4.8,22.04376859123133,5.0,6.7,-4.171450291031457e-15,0.36109065538213553,3.825731018185676,-4.5052057800939735e-15,0.04510827471197985
4.816666666666666,22.043646775034656,5.0,6.7,-4.171450291031457e-15,0.3544128934235666,3.8286024558278604,-4.5051624745115685e-15,0.04492426504046873
4.833333333333333,22.043520688721053,5.0,6.7,-4.171450291031457e-15,0.34775780252864114,3.8314641449126787,-4.505117650661485e-15,0.044735419337028307
4.85,22.04339018969372,5.0,6.7,-4.171450291031457e-15,0.3411261727336674,3.834315745724517,-4.505071257824762e-15,0.04454157151361641
4.866666666666666,22.043255131133865,5.0,6.7,-4.171450291031457e-15,0.3345188206990092,3.8371569070994207,-4.505023243779443e-15,0.04434254916393936
4.883333333333333,22.04311536184543,5.0,6.7,-4.171450291031457e-15,0.3279365907326605,3.8399872659849503,-4.504973554745233e-15,0.044138173359767066
4.9,22.042970724369557,5.0,6.7,-4.171450291031457e-15,0.3213803562776692,3.8428064468005965,-4.504922134713007e-15,0.04392825845762073
4.916666666666667,22.042821048015636,5.0,6.7,-4.171450291031457e-15,0.3148510223858243,3.8456140603740905,-4.504868922967081e-15,0.04371261192686077
4.933333333333334,22.04266615657565,5.0,6.7,-4.171450291031457e-15,0.30834952480206773,3.848409704335105,-4.5048138568274926e-15,0.043491034126221406
4.95,22.04250586579971,5.0,6.7,-4.171450291031457e-15,0.3018768314122826,3.8511929624927133,-4.5047568707523075e-15,0.043263318124124234
4.966666666666667,22.04233998530808,5.0,6.7,-4.171450291031457e-15,0.2954339440015882,3.8539634040793107,-4.5046978970171296e-15,0.04302924955827859
4.983333333333333,22.042168323743034,5.0,6.7,-4.171450291031457e-15,0.28902190051990584,3.8567205827764344,-4.504636867546478e-15,0.042788606543539866
5.0,22.041990680029343,5.0,6.7,-4.171450291031457e-15,0.2826417742541214,3.8594640370707216,-4.5045737108064705e-15,0.04254115943728116
5.016666666666667,22.041806846270315,5.0,6.7,-4.171450291031457e-15,0.27629467559131976,3.8621932894957265,-4.504508352834138e-15,0.04228667075722216
5.033333333333333,22.041616608648752,5.0,6.7,-4.171450291031457e-15,0.26998175399548213,3.8649078457819366,-4.50444071755746e-15,0.04202489513273947
5.05,22.041419747891045,5.0,6.7,-4.171450291031457e-15,0.2637041996574167,3.867607194147304,-4.50437072696006e-15,0.041755579280103844
5.066666666666666,22.041216038150097,5.0,6.7,-4.171450291031457e-15,0.2574632433744981,3.8702908053489598,-4.504298300683754e-15,0.04147846193702534
5.083333333333333,22.041005247527657,5.0,6.7,-4.171450291031457e-15,0.2512601583153888,3.872958131924376,-4.504223356213911e-15,0.041193273926176596
5.1,22.04078713065253,5.0,6.7,-4.171450291031457e-15,0.24509626177899269,3.875608607435027,-4.504145806240337e-15,0.040899738253849904
5.116666666666666,22.040561429770765,5.0,6.7,-4.171450291031457e-15,0.23897291633664214,3.8782416459752374,-4.504065559044395e-15,0.04059757027778918
5.133333333333333,22.04032787967616,5.0,6.7,-4.171450291031457e-15,0.232891530697464,3.880856641800084,-4.5039825202515376e-15,0.04028647794984068
5.15,22.04008620465337,5.0,6.7,-4.171450291031457e-15,0.22685356114890867,3.8834529687059627,-4.503896591743976e-15,0.039966162150244004
5.166666666666667,22.039836127431776,5.0,6.7,-4.171450291031457e-15,0.2208605121153047,3.8860299797904125,-4.503807674843774e-15,0.03963631711798532
5.183333333333334,22.039577363373052,5.0,6.7,-4.171450291031457e-15,0.21491393780683496,3.888587006743055,-4.503715668245776e-15,0.03929663101009306
5.2,22.039309617980212,5.0,6.7,-4.171450291031457e-15,0.20901544362323954,3.8911233592420005,-4.5036204671313865e-15,0.038946786601709214
5.216666666666667,22.03903258985118,5.0,6.7,-4.171450291031457e-15,0.20316668697524576,3.8936383246006376,-4.503521964218174e-15,0.0385864621293244
5.233333333333333,22.0387459791015,5.0,6.7,-4.171450291031457e-15,0.197369375705469,3.8961311684466415,-4.503420052754224e-15,0.03821533217143262
5.25,22.038449483348693,5.0,6.7,-4.171450291031457e-15,0.1916252706875229,3.8986011336043593,-4.503314625089845e-15,0.03783306893879133
5.266666666666667,22.038142796447215,5.0,6.7,-4.171450291031457e-15,0.18593618652443733,3.901047439794486,-4.503205572227223e-15,0.037439343694448256
5.283333333333333,22.03782559380555,5.0,6.7,-4.171450291031457e-15,0.1803039894068202,3.903469284555061,-4.503092778598762e-15,0.037033828184298095
5.3,22.037497543624223,5.0,6.7,-4.171450291031457e-15,0.17473059954718864,3.9058658421947023,-4.5029761260623065e-15,0.03661619673466583
5.316666666666666,22.037158308061176,5.0,6.7,-4.171450291031457e-15,0.16921799089104225,3.9082362639168453,-4.502855494314835e-15,0.036186128457318084
5.333333333333333,22.036807559873754,5.0,6.7,-4.171450291031457e-15,0.16376818625692482,3.910579679909516,-4.502730766809731e-15,0.03574330946571983
5.35,22.036444975418252,5.0,6.7,-4.171450291031457e-15,0.15838325930367292,3.9128951984994145,-4.502601828267047e-15,0.03528743590122982
5.366666666666666,22.036070233161286,5.0,6.7,-4.171450291031457e-15,0.15306533192182845,3.915181907273608,-4.5024685641436365e-15,0.03481821703138094
5.383333333333333,22.035683017875485,5.0,6.7,-4.171450291031457e-15,0.14781657321459837,3.9174388735177166,-4.502330862124708e-15,0.03433537892781227
5.4,22.03528301924861,5.0,6.7,-4.171450291031457e-15,0.1426391952202842,3.9196651460552716,-4.502188611628777e-15,0.03383866830190467
5.416666666666667,22.0348699297356,5.0,6.7,-4.171450291031457e-15,0.13753544887904545,3.9218597569820046,-4.502041703043324e-15,0.03332785681952404
5.433333333333334,22.034443453358172,5.0,6.7,-4.171450291031457e-15,0.1325076224702473,3.924021722337788,-4.501890030853781e-15,0.03280274620348726
5.45,22.03400332044133,5.0,6.7,-4.171450291031457e-15,0.12755803268355817,3.926150045946064,-4.501733498884361e-15,0.03226317312861391
5.466666666666667,22.03354928115516,5.0,6.7,-4.171450291031457e-15,0.12268902170396491,3.928243720667289,-4.5015720180014595e-15,0.0317090151821977
5.483333333333333,22.03308110589401,5.0,6.7,-4.171450291031457e-15,0.11790294943800961,3.93030173174165,-4.501405506248674e-15,0.031140196867709108
5.5,22.032598594096303,5.0,6.7,-4.171450291031457e-15,0.11320218605559061,3.93232305999609,-4.501233891983984e-15,0.030556696152480634
5.516666666666667,22.032101577627923,5.0,6.7,-4.171450291031457e-15,0.10858910249320494,3.9343066859279157,-4.501057115083784e-15,0.02995855121942766
5.533333333333333,22.031589928684344,5.0,6.7,-4.171450291031457e-15,0.10406606081296212,3.936251593850421,-4.500875129754425e-15,0.0293458676099979
5.55,22.031063566456314,5.0,6.7,-4.171450291031457e-15,0.09963540356822327,3.9381567764656573,-4.5006879069044504e-15,0.028718825574987897
5.566666666666666,22.030522459589193,5.0,6.7,-4.171450291031457e-15,0.09529944044188245,3.9400212406099846,-4.500495435021085e-15,0.028077687262954464
5.583333333333333,22.02996663262665,5.0,6.7,-4.171450291031457e-15,0.09106043650784733,3.94184401230162,-4.500297722464307e-15,0.027422804239498968
5.6,22.02939617405351,5.0,6.7,-4.171450291031457e-15,0.08692059556583702,3.943624143906684,-4.50009480033028e-15,0.026754624211347743
5.616666666666666,22.028811241822822,5.0,6.7,-4.171450291031457e-15,0.08288204719793932,3.94536071970488,-4.4998867244204614e-15,0.0260736980447312
5.633333333333333,22.028212071105216,5.0,6.7,-4.171450291031457e-15,0.07894682745469317,3.947052864194476,-4.4996735780018044e-15,0.025380685282380508
5.65,22.027598980498958,5.0,6.7,-4.171450291031457e-15,0.07511686283647176,3.9486997489803106,-4.499455474020019e-15,0.024676359414741025
5.666666666666667,22.02697237611854,5.0,6.7,-4.171450291031457e-15,0.07139395219167408,3.9503006005575743,-4.499232556558694e-15,0.023961611780775615
5.683333333333334,22.026332758714755,5.0,6.7,-4.171450291031457e-15,0.06777974673959662,3.9518547089019673,-4.499005003377425e-15,0.023237453763311298
5.7,22.025680728057637,5.0,6.7,-4.171450291031457e-15,0.0642757331962341,3.9533614347256134,-4.4987730274767935e-15,0.02250501791764258
5.716666666666667,22.025016987622223,5.0,6.7,-4.171450291031457e-15,0.06088321273932666,3.9548202185220833,-4.4985368787715926e-15,0.021765556303938907
5.733333333333333,22.024342346997628,5.0,6.7,-4.171450291031457e-15,0.05760328394442472,3.956230587903891,-4.498296844954515e-15,0.021020437325159177
5.75,22.02365772392014,5.0,6.7,-4.171450291031457e-15,0.054436823768360516,3.957592165779599,-4.498053252226402e-15,0.020271139591266755
5.766666666666667,22.022964143245876,5.0,6.7,-4.171450291031457e-15,0.051384471439486164,3.958904677281015,-4.497806464937789e-15,0.019519243610140298
5.783333333333333,22.022262736283853,5.0,6.7,-4.171450291031457e-15,0.048446612781403275,3.96016795650399,-4.497556885358754e-15,0.018766420612040993
5.8,22.02155473724561,5.0,6.7,-4.171450291031457e-15,0.045623367013420506,3.961381952184223,-4.4973049524226635e-15,0.018014418889951606
5.816666666666666,22.020841477500447,5.0,6.7,-4.171450291031457e-15,0.042914575766571574,3.9625467324203685,-4.497051139688813e-15,0.017265047627832736
5.833333333333333,22.020124378062423,5.0,6.7,-4.171450291031457e-15,0.04031979443021471,3.963662488395002,-4.496795952675279e-15,0.016520158359010054
5.85,22.01940493973708,5.0,6.7,-4.171450291031457e-15,0.03783828733931845,3.964729536444087,-4.496539925358276e-15,0.015781624715868817
5.866666666666666,22.018684731291845,5.0,6.7,-4.171450291031457e-15,0.03546902508048996,3.965748319215383,-4.496283615967218e-15,0.015051320342038179
5.883333333333333,22.017965376371265,5.0,6.7,-4.171450291031457e-15,0.03321068672629951,3.9667194047076855,-4.496027602331979e-15,0.014331096251893593
5.9,22.017248537897093,5.0,6.7,-4.171450291031457e-15,0.031061664161382733,3.9676434844106,-4.495772476333695e-15,0.01362275735347889
5.916666666666667,22.016535901621484,5.0,6.7,-4.171450291031457e-15,0.029020071437474922,3.96852136928188,-4.4955188380527145e-15,0.01292803967616136
5.933333333333334,22.015829157679995,5.0,6.7,-4.171450291031457e-15,0.027083756554974095,3.969353984681356,-4.4952672892030405e-15,0.012248588170751437
5.95,22.015129983283124,5.0,6.7,-4.171450291031457e-15,0.025250317198457575,3.970142363604658,-4.495018426970394e-15,0.011585936274364978
5.966666666666667,22.014440022685402,5.0,6.7,-4.171450291031457e-15,0.023517119541934445,3.9708876385969623,-4.494772836879655e-15,0.010941487648546702
5.983333333333333,22.013760870637963,5.0,6.7,-4.171450291031457e-15,0.021881318996833293,3.971591032831356,-4.4945310869006214e-15,0.010316500318027813
6.0,22.01309405265728,5.0,6.7,-4.171450291031457e-15,0.02033988482926774,3.972253849523409,-4.494293720419073e-15,0.009712074499526342
6.016666666666667,22.01244101078872,5.0,6.7,-4.171450291031457e-15,0.018889623809494663,3.9728774617619114,-4.494061251162443e-15,0.009129142761135044
6.033333333333333,22.011803086860592,5.0,6.7,-4.171450291031457e-15,0.017527207754816927,3.973463300665423,-4.493834157231148e-15,0.008568464712536914
6.05,22.011181509086853,5.0,6.7,-4.171450291031457e-15,0.0162492008794446,3.9740128436218334,-4.493612876321068e-15,0.008030624918819004
6.066666666666666,22.010577382886858,5.0,6.7,-4.171450291031457e-15,0.0150520860358058,3.9745276030045975,-4.4933978024466825e-15,0.007516033696094213
6.083333333333333,22.009991681436365,5.0,6.7,-4.171450291031457e-15,0.013932292071923254,3.975009114409067,-4.4931892825682756e-15,0.007024931686055699
6.1,22.009425239647033,5.0,6.7,-4.171450291031457e-15,0.012886219777846146,3.9754589254955204,-4.492987614439616e-15,0.006557397045418415
6.116666666666666,22.00887875028717,5.0,6.7,-4.171450291031457e-15,0.011910266206575697,3.975878585531166,-4.4927930452181465e-15,0.006113354900736596
6.133333333333333,22.00835276329385,5.0,6.7,-4.171450291031457e-15,0.011000847878975975,3.9762696354120344,-4.492605771211782e-15,0.005692588996698861
6.15,22.007847687316964,5.0,6.7,-4.171450291031457e-15,0.010154421848048746,3.976633598605333,-4.49242593842099e-15,0.0052947547351500064
6.166666666666667,22.007363792426943,5.0,6.7,-4.171450291031457e-15,0.00936750455795949,3.9769719730400714,-4.49225364349589e-15,0.004919393183331525
6.183333333333334,22.006901215703348,5.0,6.7,-4.171450291031457e-15,0.008636688735712113,3.9772862238436377,-4.4920889357199525e-15,0.004565945774217852
6.2,22.006459968233045,5.0,6.7,-4.171450291031457e-15,0.007958657808749737,3.977577777142231,-4.491931819496497e-15,0.0042337690768433755
6.216666666666667,22.006039943439767,5.0,6.7,-4.171450291031457e-15,0.007330198064958734,3.9778480148320607,-4.491782257310208e-15,0.003922149371795067
6.233333333333333,22.00564092636321,5.0,6.7,-4.171450291031457e-15,0.006748208668633569,3.978098270272481,-4.491640173027692e-15,0.00363031675649028
6.25,22.005262603583944,5.0,6.7,-4.171450291031457e-15,0.006209709494173365,3.9783298249174988,-4.491505455428899e-15,0.003357458467600662
6.266666666666667,22.004904573909048,5.0,6.7,-4.171450291031457e-15,0.005711847016895083,3.978543905782728,-4.491377962010283e-15,0.003102731286828581
6.283333333333333,22.00456636072513,5.0,6.7,-4.171450291031457e-15,0.0052518976240193025,3.978741684021665,-4.491257523382499e-15,0.0028652724899610564
6.3,22.0042474196105,5.0,6.7,-4.171450291031457e-15,0.0048272710973103605,3.97892427342815,-4.491143945980592e-15,0.0026442105836088424
6.316666666666666,22.003947151366862,5.0,6.7,-4.171450291031457e-15,0.004435510774450477,3.9790927303669803,-4.491037016704652e-15,0.002438673917372035
6.333333333333333,22.003664911574564,5.0,6.7,-4.171450291031457e-15,0.004074293086099099,3.979248053972971,-4.490936506323039e-15,0.0022477984505041
6.35,22.00340002032496,5.0,6.7,-4.171450291031457e-15,0.003741426023895611,3.9793911868097185,-4.490842172939096e-15,0.0020707343933031017
6.366666666666666,22.003151771206884,5.0,6.7,-4.171450291031457e-15,0.0034348466053169707,3.9795230159597073,-4.490753765192546e-15,0.001906651722625931
6.383333333333333,22.00291943970521,5.0,6.7,-4.171450291031457e-15,0.0031526175492321133,3.979644374453824,-4.490671025251809e-15,0.0017547446705562229
6.4,22.002702290796766,5.0,6.7,-4.171450291031457e-15,0.0028929233269428586,3.9797560429694077,-4.490593691520619e-15,0.0016142352779791064
6.416666666666667,22.002499585781337,5.0,6.7,-4.171450291031457e-15,0.0026540657192389416,3.9798587517407205,-4.490521501072387e-15,0.0014843761003296432
6.433333333333334,22.00231058833751,5.0,6.7,-4.171450291031457e-15,0.0024344589675278656,3.9799531826439556,-4.490454191808547e-15,0.0013644521395698133
6.45,22.002134569781045,5.0,6.7,-4.171450291031457e-15,0.0022326247808513305,3.980039971344228,-4.490391504332914e-15,0.0012537821783949275
6.466666666666667,22.001970813633033,5.0,6.7,-4.171450291031457e-15,0.0020471870363140496,3.980119709574379,-4.4903331835802326e-15,0.0011517194659031783
6.483333333333333,22.001818619408052,5.0,6.7,-4.171450291031457e-15,0.001876866565091172,3.980192947377004,-4.49027898016687e-15,0.001057652008863754
6.5,22.001677305913226,5.0,6.7,-4.171450291031457e-15,0.0017204757139439668,3.9802601954429977,-4.490228651567261e-15,0.0009710023387493178
6.516666666666667,22.00154621374603,5.0,6.7,-4.171450291031457e-15,0.001576913157419217,3.9803219273423034,-4.4901819630048986e-15,0.0008912270556879415
6.533333333333333,22.00142470728433,5.0,6.7,-4.171450291031457e-15,0.0014451586872727248,3.980378581764467,-4.490138688162424e-15,0.0008178160371505724
6.55,22.001312176202664,5.0,6.7,-4.171450291031457e-15,0.0013242681971392392,3.9804305646752236,-4.49009860972284e-15,0.0007502914678520292
6.566666666666666,22.00120803656333,5.0,6.7,-4.171450291031457e-15,0.0012133687905116627,3.9804782514200734,-4.490061519759234e-15,0.0006882066845822327
6.583333333333333,22.00111173151177,5.0,6.7,-4.171450291031457e-15,0.001111654079193927,3.9805219887459398,-4.490027219983447e-15,0.0006311449040394591
6.6,22.00102273162979,5.0,6.7,-4.171450291031457e-15,0.0010183797004339181,3.980562096728807,-4.489995521872791e-15,0.0005787178775627386
6.616666666666666,22.00094053486463,5.0,6.7,-4.171450291031457e-15,0.0009328590237790583,3.9805988706197684,-4.489966246645603e-15,0.0005305644817874251
6.633333333333333,22.00086466639392,5.0,6.7,-4.171450291031457e-15,0.0008544590844140132,3.980632582593696,-4.48993922521388e-15,0.0004863492883966457
6.6499999999999995,22.000794678194588,5.0,6.7,-4.171450291031457e-15,0.0007825967548402146,3.9806634833954124,-4.489914298030389e-15,0.00044576113977738994
6.666666666666667,22.000730148432527,5.0,6.7,-4.171450291031457e-15,0.0007167351083559779,3.9806918039034014,-4.489891314871875e-15,0.000408511722061294
6.683333333333334,22.00067068080065,5.0,6.7,-4.171450291031457e-15,0.0006563799783909842,3.980717756609286,-4.489870134603794e-15,0.0003743341532682622
6.7,22.00061590362679,5.0,6.7,-4.171450291031457e-15,0.0006010768031915199,3.980741536974621,-4.4898506248630365e-15,0.00034298165085566045
6.716666666666667,22.000565468832306,5.0,6.7,-4.171450291031457e-15,0.0005504076004412024,3.980763324731804,-4.489832661687399e-15,0.0003142262026320325
6.733333333333333,22.00051905104266,5.0,6.7,-4.171450291031457e-15,0.0005039882017393654,3.980783285073247,-4.4898161291991515e-15,0.000287857324856239
6.75,22.000476346579585,5.0,6.7,-4.171450291031457e-15,0.00046146561106975034,3.980801569787234,-4.489800919246367e-15,0.00026368083938695406
6.766666666666667,22.00043707241037,5.0,6.7,-4.171450291031457e-15,0.00042251561031828917,3.980818318287557,-4.489786931028957e-15,0.00024151774739050394
6.783333333333333,22.00040096505417,5.0,6.7,-4.171450291031457e-15,0.0003868404791660807,3.9808336585939528,-4.489774070709349e-15,0.00022120313086297104
6.8,22.00036777959874,5.0,6.7,-4.171450291031457e-15,0.00035416691940325025,3.9808477082246507,-4.489762251062471e-15,0.0002025851387971336
6.816666666666666,22.000337288479464,5.0,6.7,-4.171450291031457e-15,0.00032424410884926945,3.9808605750331885,-4.489751391041051e-15,0.00018552402029684603
6.833333333333333,22.00030928050814,5.0,6.7,-4.171450291031457e-15,0.00029684191137874314,3.980872357978101,-4.489741415429827e-15,0.00016989122386025073
6.85,22.000283560002664,5.0,6.7,-4.171450291031457e-15,0.0002717492091641733,3.980883147840053,-4.4897322545357e-15,0.0001555685470515303
6.866666666666666,22.000259945815362,5.0,6.7,-4.171450291031457e-15,0.0002487723703715912,3.980893027880734,-4.489723843841764e-15,0.00014244734711001505
6.883333333333333,22.000238270280068,5.0,6.7,-4.171450291031457e-15,0.0002277338350669596,3.980902074450915,-4.489716123632349e-15,0.00013042780523070112
6.8999999999999995,22.00021837838367,5.0,6.7,-4.171450291031457e-15,0.0002084708049614633,3.9809103575538605,-4.4897090386980595e-15,0.00011941823848317818
6.916666666666667,22.00020012688177,5.0,6.7,-4.171450291031457e-15,0.00019083404122060814,3.9809179413622684,-4.489702538020836e-15,0.00010933446362062727
6.933333333333334,22.000183383445812,5.0,6.7,-4.171450291031457e-15,0.0001746867503550248,3.9809248846973406,-4.489696574470255e-15,0.00010009920292539965
6.95,22.000168025984962,5.0,6.7,-4.171450291031457e-15,0.00015990356447080813,3.980931241467271,-4.48969110456204e-15,9.164153700144807e-05
6.966666666666667,22.000153942021228,5.0,6.7,-4.171450291031457e-15,0.00014636960046928934,3.980937061071792,-4.489686088235545e-15,8.3896396821878e-05
6.983333333333333,22.00014102793636,5.0,6.7,-4.171450291031457e-15,0.00013397959004549667,3.980942388776274,-4.489681488585548e-15,7.680409130873399e-05
7.0,22.00012918814019,5.0,6.7,-4.171450291031457e-15,0.0001226370923805257,3.9809472660502694,-4.4896772715660685e-15,7.030987805337065e-05
7.016666666666667,22.00011833459633,5.0,6.7,-4.171450291031457e-15,0.0001122537519371443,3.9809517308866598,-4.489673405821458e-15,6.436355633750175e-05
7.033333333333333,22.000108386297846,5.0,6.7,-4.171450291031457e-15,0.0001027486364425943,3.9809558180863225,-4.489669862499668e-15,5.891910310223267e-05
7.05,22.000099268669807,5.0,6.7,-4.171450291031457e-15,9.404761035791608e-05,3.9809595595275398,-4.489666615039468e-15,5.393432675097093e-05
7.066666666666666,22.000090913173473,5.0,6.7,-4.171450291031457e-15,8.608277501634561e-05,3.980962984406736,-4.489663639029493e-15,4.9370557046123255e-05
7.083333333333333,22.00008325692734,5.0,6.7,-4.171450291031457e-15,7.879194462573116e-05,3.980966119463803,-4.48966091207327e-15,4.51923537949602e-05
7.1,22.000076242146147,5.0,6.7,-4.171450291031457e-15,7.211816863354146e-05,3.9809689891874807,-4.489658413589427e-15,4.13672406213223e-05
7.116666666666666,22.000069815545274,5.0,6.7,-4.171450291031457e-15,6.600929684916382e-05,3.980971616002348,-4.4896561245995564e-15,3.7865462000465605e-05
7.133333333333333,22.000063928101632,5.0,6.7,-4.171450291031457e-15,6.041757156587663e-05,3.98097402044422,-4.489654027643063e-15,3.465975472801195e-05
7.1499999999999995,22.000058534962456,5.0,6.7,-4.171450291031457e-15,5.529926642569592e-05,3.9809762213154305,-4.48965210674468e-15,3.172514530838137e-05
7.166666666666667,22.000053594964328,5.0,6.7,-4.171450291031457e-15,5.061434044944781e-05,3.9809782358336,-4.489650347243171e-15,2.9038755302400324e-05
7.183333333333334,22.000049070324355,5.0,6.7,-4.171450291031457e-15,4.632613524817074e-05,3.980980079761837,-4.489648735681329e-15,2.657963081691443e-05
7.2,22.00004492647909,5.0,6.7,-4.171450291031457e-15,4.240108565336703e-05,3.9809817675331622,-4.489647259748615e-15,2.4328579172908632e-05
7.216666666666667,22.000041131649468,5.0,6.7,-4.171450291031457e-15,3.88084623064182e-05,3.980983312361201,-4.4896459081262e-15,2.226802346604075e-05
7.233333333333333,22.00003765645775,5.0,6.7,-4.171450291031457e-15,3.552013214806468e-05,3.9809847263431695,-4.489644670350536e-15,2.0381867029834718e-05
7.25,22.000034473902602,5.0,6.7,-4.171450291031457e-15,3.2510338508872075e-05,3.9809860205544347,-4.489643536804477e-15,1.865536883623682e-05
7.266666666666667,22.000031559532623,5.0,6.7,-4.171450291031457e-15,2.9755503819095342e-05,3.980987205133351,-4.4896424987790915e-15,1.707503161470911e-05
7.283333333333333,22.000028891043833,5.0,6.7,-4.171450291031457e-15,2.723404181849467e-05,3.9809882893620117,-4.489641548330293e-15,1.5628495205167732e-05
7.3,22.000026447794475,5.0,6.7,-4.171450291031457e-15,2.4926193924012294e-05,3.9809892817366066,-4.489640678106038e-15,1.4304443589301327e-05
7.316666666666666,22.00002421088918,5.0,6.7,-4.171450291031457e-15,2.281387116363908e-05,3.9809901900353935,-4.489639881376293e-15,1.3092514965244061e-05
7.333333333333333,22.000022162995702,5.0,6.7,-4.171450291031457e-15,2.0880517111206e-05,3.9809910213776356,-4.489639151967764e-15,1.1983223743788302e-05
7.35,22.000020287984892,5.0,6.7,-4.171450291031457e-15,1.91109735883642e-05,3.9809917822813503,-4.489638484135668e-15,1.09678840261319e-05
7.366666666666666,22.00001857103335,5.0,6.7,-4.171450291031457e-15,1.7491363772083114e-05,3.980992478713572,-4.4896378726002975e-15,1.0038542979576418e-05
7.383333333333333,22.000016999035804,5.0,6.7,-4.171450291031457e-15,1.60089898539885e-05,3.9809931161343566,-4.489637312693887e-15,9.187922488897748e-06
7.3999999999999995,22.00001555996448,5.0,6.7,-4.171450291031457e-15,1.4652226625648655e-05,3.9809936995425446,-4.4896368001324575e-15,8.409358406706952e-06
7.416666666666667,22.00001424268257,5.0,6.7,-4.171450291031457e-15,1.3410431628974877e-05,3.980994233514393,-4.4896363309493625e-15,7.69674925701709e-06
7.433333333333334,22.000013036933908,5.0,6.7,-4.171450291031457e-15,1.2273866812964962e-05,3.980994722237264,-4.489635901491614e-15,7.044511498121711e-06
7.45,22.000011933278355,5.0,6.7,-4.171450291031457e-15,1.1233619903865323e-05,3.9809951695434354,-4.489635508396879e-15,6.447534584340114e-06
7.466666666666667,22.00001092301796,5.0,6.7,-4.171450291031457e-15,1.0281526123118374e-05,3.9809955789437605,-4.489635148567166e-15,5.901136196140239e-06
7.483333333333333,22.000009998024627,5.0,6.7,-4.171450291031457e-15,9.410120221178601e-06,3.9809959536482986,-4.489634819107455e-15,5.401034842195538e-06
7.5,22.000009151077457,5.0,6.7,-4.171450291031457e-15,8.612563005039948e-06,3.9809962965979016,-4.489634517445841e-15,4.943307802421604e-06
7.516666666666667,22.000008375779323,5.0,6.7,-4.171450291031457e-15,7.882596802766755e-06,3.9809966104833685,-4.48963424130383e-15,4.524365659319616e-06
7.533333333333333,22.000007666329644,5.0,6.7,-4.171450291031457e-15,7.2144967724539434e-06,3.9809968977663814,-4.489633988615403e-15,4.140924429486664e-06
7.55,22.00000701707943,5.0,6.7,-4.171450291031457e-15,6.6030171260601866e-06,3.980997160702629,-4.489633757368527e-15,3.789974763734673e-06
7.566666666666666,22.000006422842628,5.0,6.7,-4.171450291031457e-15,6.043362652806893e-06,3.980997401354053,-4.4896335457160645e-15,3.4687656569388925e-06
7.583333333333333,22.000005878915292,5.0,6.7,-4.171450291031457e-15,5.531140261346854e-06,3.980997621609681,-4.4896333519825855e-15,3.174776681021023e-06
7.6,22.000005380933903,5.0,6.7,-4.171450291031457e-15,5.062329968175817e-06,3.980997823198107,-4.489633174613913e-15,2.9057013712450864e-06
7.616666666666666,22.000004924888415,5.0,6.7,-4.171450291031457e-15,4.633253919423849e-06,3.980998007700808,-4.489633012181769e-15,2.659429477681073e-06
7.633333333333333,22.00000450732272,5.0,6.7,-4.171450291031457e-15,4.240541878542609e-06,3.9809981765669855,-4.489632863455177e-15,2.434027182967594e-06
7.6499999999999995,22.000004125210797,5.0,6.7,-4.171450291031457e-15,3.881115082417232e-06,3.980998331120508,-4.4896327273563384e-15,2.227727858332526e-06
7.666666666666667,22.00000377572082,5.0,6.7,-4.171450291031457e-15,3.5521540343488602e-06,3.9809984725737584,-4.489632602876631e-15,2.0389135963480245e-06
7.683333333333334,22.00000345599689,5.0,6.7,-4.171450291031457e-15,3.2510735369685617e-06,3.9809986020383725,-4.489632488998853e-15,1.8661008959543895e-06
7.7,22.00000316339229,5.0,6.7,-4.171450291031457e-15,2.975512688516427e-06,3.9809987205295374,-4.489632384780309e-15,1.7079349335798694e-06
7.716666666666667,22.000002895534582,5.0,6.7,-4.171450291031457e-15,2.7233079555126468e-06,3.980998828977573,-4.489632289376e-15,1.5631741183756617e-06
7.733333333333333,22.000002650269423,5.0,6.7,-4.171450291031457e-15,2.492478436567341e-06,3.9809989282342655,-4.4896322020185956e-15,1.430681642984426e-06
7.75,22.00000242555466,5.0,6.7,-4.171450291031457e-15,2.28121460528445e-06,3.9809990190777125,-4.489632121980736e-15,1.3094190297764707e-06
7.766666666666667,22.000002219673167,5.0,6.7,-4.171450291031457e-15,2.0878569139176546e-06,3.9809991022215203,-4.489632048650824e-15,1.1984338560713024e-06
7.783333333333333,22.000002031218735,5.0,6.7,-4.171450291031457e-15,1.9108873507481447e-06,3.9809991783184318,-4.489631981527998e-15,1.0968549134877926e-06
7.8,22.000001859053572,5.0,6.7,-4.171450291031457e-15,1.7489188551315618e-06,3.980999247964886,-4.4896319202070105e-15,1.0038861367700918e-06
7.816666666666666,22.000001701746847,5.0,6.7,-4.171450291031457e-15,1.6006784933289815e-06,3.9809993117082416,-4.48963186417823e-15,9.187969505533952e-07
7.833333333333333,22.000001557883483,5.0,6.7,-4.171450291031457e-15,1.465002668530143e-06,3.980999370048846,-4.489631812937644e-15,8.409195231081493e-07
7.85,22.000001426060198,5.0,6.7,-4.171450291031457e-15,1.340827332687764e-06,3.9809994234442407,-4.489631765985436e-15,7.696431506207301e-07
7.866666666666666,22.000001305277358,5.0,6.7,-4.171450291031457e-15,1.2271765193676628e-06,3.9809994723140907,-4.489631722965564e-15,7.044076773074214e-07
7.883333333333333,22.000001194530345,5.0,6.7,-4.171450291031457e-15,1.12315871611135e-06,3.9809995170417456,-4.489631683520206e-15,6.447014149683128e-07
7.8999999999999995,22.000001092958843,5.0,6.7,-4.171450291031457e-15,1.0279581027506355e-06,3.9809995579780093,-4.48963164734294e-15,5.900561153445413e-07
7.916666666666667,22.00000099990776,5.0,6.7,-4.171450291031457e-15,9.408263300635623e-07,3.9809995954446715,-4.489631614200434e-15,5.400422523512501e-07
7.933333333333334,22.00000091499411,5.0,6.7,-4.171450291031457e-15,8.61080096518828e-07,3.9809996297355523,-4.489631583956284e-15,4.942676322072245e-07
7.95,22.00000083757873,5.0,6.7,-4.171450291031457e-15,7.880928145535406e-07,3.980999661120083,-4.489631556382832e-15,4.523726107427028e-07
7.966666666666667,22.000000766845027,5.0,6.7,-4.171450291031457e-15,7.212907316117965e-07,3.9809996898449787,-4.4896315311892276e-15,4.1402786762621553e-07
7.983333333333333,22.0000007022489,5.0,6.7,-4.171450291031457e-15,6.601511287910397e-07,3.9809997161350084,-4.489631508181679e-15,3.789333730369975e-07
8.0,22.00000064326887,5.0,6.7,-4.171450291031457e-15,6.041961081787406e-07,3.9809997401956676,-4.489631487174444e-15,3.468148220912625e-07
8.016666666666666,22.000000589264026,5.0,6.7,-4.171450291031457e-15,5.529852069681805e-07,3.9809997622163547,-4.489631467939247e-15,3.174193957384151e-07
8.033333333333333,22.000000539673803,5.0,6.7,-4.171450291031457e-15,5.061156885235607e-07,3.9809997823702483,-4.48963145027643e-15,2.905159282100666e-07
8.05,22.000000493975474,5.0,6.7,-4.171450291031457e-15,4.6321759448575767e-07,3.9809998008164285,-4.489631433999811e-15,2.6589206720415356e-07
8.066666666666666,22.00000045188392,5.0,6.7,-4.171450291031457e-15,4.239563717269734e-07,3.980999817698754,-4.489631419007836e-15,2.4335578204719866e-07
8.083333333333334,22.000000413215357,5.0,6.7,-4.171450291031457e-15,3.8802407074591526e-07,3.980999833149644,-4.489631405235046e-15,2.2273031171856425e-07
8.1,22.000000377899656,5.0,6.7,-4.171450291031457e-15,3.551356151039393e-07,3.9809998472916797,-4.489631392656462e-15,2.038520236522849e-07
8.116666666666667,22.000000345754565,5.0,6.7,-4.171450291031457e-15,3.2503306117574603e-07,3.9809998602357775,-4.489631381207171e-15,1.8657285902370086e-07
8.133333333333333,22.00000031646679,5.0,6.7,-4.171450291031457e-15,2.974830327409787e-07,3.98099987208229,-4.489631370775587e-15,1.7075886031605777e-07
8.15,22.000000289804568,5.0,6.7,-4.171450291031457e-15,2.7226822630166566e-07,3.9809998829246567,-4.489631361279161e-15,1.5628529539893998e-07
8.166666666666666,22.00000026551221,5.0,6.7,-4.171450291031457e-15,2.491893066213507e-07,3.980999892848592,-4.48963135262682e-15,1.4303774567271027e-07
8.183333333333334,22.00000024333116,5.0,6.7,-4.171450291031457e-15,2.2806769918141e-07,3.980999901930884,-4.489631344726477e-15,1.3091370904680234e-07
8.2,22.000000222942667,5.0,6.7,-4.171450291031457e-15,2.0873713838154421e-07,3.9809999102430247,-4.489631337464597e-15,1.1981774857899658e-07
8.216666666666667,22.000000203992467,5.0,6.7,-4.171450291031457e-15,1.9104387209692446e-07,3.9809999178511286,-4.489631330715003e-15,1.0966160994443433e-07
8.233333333333333,22.00000018641381,5.0,6.7,-4.171450291031457e-15,1.748504659480893e-07,3.9809999248142933,-4.489631324453917e-15,1.0036640517793967e-07
8.25,22.0000001702108,5.0,6.7,-4.171450291031457e-15,1.600303565836385e-07,3.9809999311869406,-4.4896313186828036e-15,9.18594862316205e-08
8.266666666666666,22.000000155451943,5.0,6.7,-4.171450291031457e-15,1.4646594464339968e-07,3.9809999370196376,-4.4896313134260625e-15,8.407335034324524e-08
8.283333333333333,22.00000014209,5.0,6.7,-4.171450291031457e-15,1.3405110426692403e-07,3.980999942358019,-4.489631308666867e-15,7.694708054893416e-08
8.3,22.000000129963357,5.0,6.7,-4.171450291031457e-15,1.2268995518003115e-07,3.980999947243313,-4.4896313043476555e-15,7.042564086951176e-08
8.316666666666666,22.00000011904392,5.0,6.7,-4.171450291031457e-15,1.1229244020935161e-07,3.9809999517142445,-4.489631300458421e-15,6.445733776943861e-08
8.333333333333334,22.000000109316755,5.0,6.7,-4.171450291031457e-15,1.0277468736782662e-07,3.980999955806878,-4.489631296993844e-15,5.899402801172222e-08
8.35,22.000000100651835,5.0,6.7,-4.171450291031457e-15,9.406242358461383e-08,3.980999959553152,-4.489631293907613e-15,5.399307819424627e-08
8.366666666666667,22.00000009281687,5.0,6.7,-4.171450291031457e-15,8.60892424910503e-08,3.98099996298162,-4.489631291116991e-15,4.941637044938712e-08
8.383333333333333,22.00000008556374,5.0,6.7,-4.171450291031457e-15,7.879218549676941e-08,3.980999966119354,-4.4896312885336055e-15,4.5227765934974384e-08
8.4,22.00000007856901,5.0,6.7,-4.171450291031457e-15,7.211280998236285e-08,3.980999968991485,-4.489631286042253e-15,4.1393717997163944e-08
8.416666666666666,22.000000071776764,5.0,6.7,-4.171450291031457e-15,6.599924091120614e-08,3.98099997162032,-4.489631283623023e-15,3.78844498296655e-08
8.433333333333334,22.000000065286926,5.0,6.7,-4.171450291031457e-15,6.040457686207019e-08,3.9809999740260262,-4.4896312813115035e-15,3.4673039520889586e-08
8.45,22.000000059154388,5.0,6.7,-4.171450291031457e-15,5.528458096693587e-08,3.980999976227624,-4.489631279127243e-15,3.1734094625829904e-08
8.466666666666667,22.000000053520626,5.0,6.7,-4.171450291031457e-15,5.059811175563534e-08,3.980999978242806,-4.4896312771206365e-15,2.9043999480329275e-08
8.483333333333333,22.00000004841668,5.0,6.7,-4.171450291031457e-15,4.630883900400552e-08,3.9809999800871934,-4.489631275302737e-15,2.6581900123239638e-08
8.5,22.000000043864535,5.0,6.7,-4.171450291031457e-15,4.238372140135478e-08,3.980999981774994,-4.489631273681374e-15,2.4328830460630395e-08
8.516666666666666,22.00000003997298,5.0,6.7,-4.171450291031457e-15,3.8791543859565664e-08,3.98099998331963,-4.4896312722952974e-15,2.2266872664117154e-08
8.533333333333333,22.00000003686757,5.0,6.7,-4.171450291031457e-15,3.5503228299493754e-08,3.9809999847336064,-4.489631271189228e-15,2.0379335567894392e-08
8.55,22.00000003441915,5.0,6.7,-4.171450291031457e-15,3.249340633246546e-08,3.9809999860278293,-4.489631270317159e-15,1.865165741012151e-08
8.566666666666666,22.00000003238454,5.0,6.7,-4.171450291031457e-15,2.973896733460153e-08,3.980999987212238,-4.4896312695924825e-15,1.7070572409959758e-08
8.583333333333334,22.000000030476553,5.0,6.7,-4.171450291031457e-15,2.7218124563137648e-08,3.9809999882962006,-4.489631268912905e-15,1.5623574706979796e-08
8.6,22.000000028300274,5.0,6.7,-4.171450291031457e-15,2.4910680480942255e-08,3.980999989288401,-4.489631268137767e-15,1.4299070661761775e-08
8.616666666666667,22.00000002589019,5.0,6.7,-4.171450291031457e-15,2.279884623404993e-08,3.9809999901964903,-4.489631267279355e-15,1.3086849248418676e-08
8.633333333333333,22.00000002334547,5.0,6.7,-4.171450291031457e-15,2.0866284852101183e-08,3.980999991027492,-4.48963126637299e-15,1.1977532838849022e-08
8.65,22.0000000207237,5.0,6.7,-4.171450291031457e-15,1.9097663395599305e-08,3.980999991787999,-4.489631265439179e-15,1.0962320129597002e-08
8.666666666666666,22.000000018161117,5.0,6.7,-4.171450291031457e-15,1.7478758212427313e-08,3.9809999924841284,-4.48963126452645e-15,1.0033046561057154e-08
8.683333333333334,22.00000001562766,5.0,6.7,-4.171450291031457e-15,1.5997369171116e-08,3.9809999931211255,-4.489631263624093e-15,9.182709099981468e-09
8.7,22.000000013237006,5.0,6.7,-4.171450291031457e-15,1.4641927667562043e-08,3.980999993703965,-4.489631262772603e-15,8.404667217024564e-09
8.716666666666667,22.0000000112546,5.0,6.7,-4.171450291031457e-15,1.3401448886830455e-08,3.980999994237371,-4.4896312620665175e-15,7.69261548455826e-09
8.733333333333333,22.000000010035226,5.0,6.7,-4.171450291031457e-15,1.226579640873288e-08,3.980999994725702,-4.489631261632207e-15,7.040735464014643e-09
8.75,22.000000009990227,5.0,6.7,-4.171450291031457e-15,1.1225691591866594e-08,3.980999995172947,-4.4896312616161805e-15,6.443701092613991e-09
8.766666666666666,22.000000010708344,5.0,6.7,-4.171450291031457e-15,1.0272965142652171e-08,3.980999995582619,-4.4896312618719544e-15,5.896823087184367e-09
8.783333333333333,22.00000001181977,5.0,6.7,-4.171450291031457e-15,9.40030987271763e-09,3.980999995957861,-4.4896312622678174e-15,5.395907024214343e-09
8.8,22.000000013184085,5.0,6.7,-4.171450291031457e-15,8.601226908395334e-09,3.980999996301467,-4.489631262753753e-15,4.937222463533889e-09
8.816666666666666,22.000000014625233,5.0,6.7,-4.171450291031457e-15,7.870101533330485e-09,3.9809999966158505,-4.489631263267055e-15,4.5175464829624746e-09
8.833333333333334,22.000000015933185,5.0,6.7,-4.171450291031457e-15,7.202166864326985e-09,3.980999996903063,-4.489631263732915e-15,4.134142827834222e-09
8.85,22.000000016961394,5.0,6.7,-4.171450291031457e-15,6.5914033412335684e-09,3.980999997165691,-4.4896312640991375e-15,3.783556189478026e-09
8.866666666666667,22.000000017548853,5.0,6.7,-4.171450291031457e-15,6.03221834277036e-09,3.9809999974061405,-4.489631264308376e-15,3.4625763277123533e-09
8.883333333333333,22.000000017476115,5.0,6.7,-4.171450291031457e-15,5.520395414129473e-09,3.9809999976262245,-4.489631264282468e-15,3.1687829405593835e-09
8.9,22.00000001650279,5.0,6.7,-4.171450291031457e-15,5.052285050916509e-09,3.9809999978275123,-4.489631263935792e-15,2.9000811631929788e-09
8.916666666666666,22.00000001437015,5.0,6.7,-4.171450291031457e-15,4.624798593793342e-09,3.98099999801133,-4.489631263176201e-15,2.654698063414874e-09
8.933333333333334,22.000000011356438,5.0,6.7,-4.171450291031457e-15,4.234097565092159e-09,3.9809999981793323,-4.48963126210279e-15,2.430430302991577e-09
8.95,22.00000000796093,5.0,6.7,-4.171450291031457e-15,3.87633928415498e-09,3.980999998333168,-4.489631260893394e-15,2.225072131007702e-09
8.966666666666667,22.000000004475826,5.0,6.7,-4.171450291031457e-15,3.548687410721994e-09,3.9809999984740583,-4.489631259652086e-15,2.036995449603743e-09
8.983333333333333,22.000000001264922,5.0,6.7,-4.171450291031457e-15,3.248654160922152e-09,3.980999998603073,-4.48963125850844e-15,1.864772236999409e-09
9.0,21.999999998763617,5.0,6.7,-4.171450291031457e-15,2.9741003072728792e-09,3.980999998721131,-4.489631257617537e-15,1.7071745475073539e-09
9.016666666666666,21.999999997076777,5.0,6.7,-4.171450291031457e-15,2.7227547320629253e-09,3.9809999988292097,-4.489631257016726e-15,1.562898728525502e-09
9.033333333333333,21.999999996078486,5.0,6.7,-4.171450291031457e-15,2.492333578501334e-09,3.980999998928291,-4.48963125666116e-15,1.4306338149734405e-09
9.05,21.999999995908457,5.0,6.7,-4.171450291031457e-15,2.281133374843073e-09,3.9809999990191067,-4.4896312566006e-15,1.309401990774352e-09
9.066666666666666,21.99999999670042,5.0,6.7,-4.171450291031457e-15,2.0877065136502136e-09,3.9809999991022806,-4.4896312568826774e-15,1.1983723094549819e-09
9.083333333333334,21.999999998582126,5.0,6.7,-4.171450291031457e-15,1.910861251624517e-09,3.9809999991783243,-4.4896312575528944e-15,1.0968606940565593e-09
9.1,22.00000000108226,5.0,6.7,-4.171450291031457e-15,1.7492853958294054e-09,3.9809999992478016,-4.489631258443382e-15,1.0041139278019279e-09
9.116666666666667,22.000000003016748,5.0,6.7,-4.171450291031457e-15,1.6013675681825336e-09,3.9809999993114062,-4.4896312591323975e-15,9.192070574654361e-10
9.133333333333333,22.000000003694982,5.0,6.7,-4.171450291031457e-15,1.465817463198877e-09,3.9809999993696925,-4.489631259373969e-15,8.413994299613495e-10
9.15,22.000000003329607,5.0,6.7,-4.171450291031457e-15,1.3416415756389063e-09,3.9809999994230885,-4.48963125924383e-15,7.701207596889636e-10
9.166666666666666,22.00000000263327,5.0,6.7,-4.171450291031457e-15,1.2280100824822593e-09,3.98099999947195,-4.4896312589958125e-15,7.048947169060189e-10
9.183333333333334,22.00000000184435,5.0,6.7,-4.171450291031457e-15,1.1239427567861893e-09,3.980999999516699,-4.489631258714817e-15,6.451586378971904e-10
9.2,22.000000001131102,5.0,6.7,-4.171450291031457e-15,1.0286930646496071e-09,3.980999999557657,-4.489631258460777e-15,5.904840019574676e-10
9.216666666666667,22.00000000064924,5.0,6.7,-4.171450291031457e-15,9.415564015890608e-10,3.9809999995951246,-4.48963125828915e-15,5.404663564360283e-10
9.233333333333333,22.000000000559737,5.0,6.7,-4.171450291031457e-15,8.617597783385279e-10,3.980999999629437,-4.4896312582572715e-15,4.946619948672676e-10
9.25,22.00000000066917,5.0,6.7,-4.171450291031457e-15,7.887457760728444e-10,3.9809999996608334,-4.489631258296248e-15,4.5275095117089133e-10
9.266666666666666,22.000000000804512,5.0,6.7,-4.171450291031457e-15,7.219445740168963e-10,3.980999999689558,-4.489631258344454e-15,4.144061403765707e-10
9.283333333333333,22.000000000879922,5.0,6.7,-4.171450291031457e-15,6.607025485023127e-10,3.9809999997158925,-4.489631258371313e-15,3.792523734996831e-10
9.3,22.000000000889113,5.0,6.7,-4.171450291031457e-15,6.043235706104469e-10,3.9809999997401353,-4.489631258374586e-15,3.4689006295606225e-10
9.316666666666666,22.000000000839176,5.0,6.7,-4.171450291031457e-15,5.527099048708946e-10,3.9809999997623295,-4.4896312583568005e-15,3.1726310724837475e-10
9.333333333333334,22.000000000736424,5.0,6.7,-4.171450291031457e-15,5.057625199167965e-10,3.980999999782517,-4.489631258320204e-15,2.903146610156656e-10
9.35,22.000000000634056,5.0,6.7,-4.171450291031457e-15,4.626476341110175e-10,3.980999999801056,-4.489631258283742e-15,2.655661221111324e-10
9.366666666666667,22.000000000544087,5.0,6.7,-4.171450291031457e-15,4.2317685549713687e-10,3.9809999998180285,-4.4896312582516966e-15,2.4290935096005735e-10
9.383333333333333,22.00000000046674,5.0,6.7,-4.171450291031457e-15,3.872749231380747e-10,3.9809999998334664,-4.489631258224149e-15,2.2230114675165414e-10
9.4,22.000000000403904,5.0,6.7,-4.171450291031457e-15,3.5429397265915295e-10,3.980999999847648,-4.4896312582017664e-15,2.0336962640576603e-10
9.416666666666666,22.000000000356017,5.0,6.7,-4.171450291031457e-15,3.240849953840871e-10,3.980999999860638,-4.489631258184711e-15,1.860292568907002e-10
9.433333333333334,22.000000000322405,5.0,6.7,-4.171450291031457e-15,2.965777882523786e-10,3.9809999998724654,-4.4896312581727395e-15,1.702397406844453e-10
9.45,22.000000000297142,5.0,6.7,-4.171450291031457e-15,2.7115434032634073e-10,3.9809999998833976,-4.489631258163742e-15,1.5564633098881813e-10
9.466666666666667,22.00000000027884,5.0,6.7,-4.171450291031457e-15,2.4766997138585783e-10,3.9809999998934957,-4.489631258157223e-15,1.4216597936406545e-10
9.483333333333333,22.00000000026749,5.0,6.7,-4.171450291031457e-15,2.2612468143093496e-10,3.9809999999027603,-4.48963125815318e-15,1.2979868581173133e-10
9.5,22.000000000263107,5.0,6.7,-4.171450291031457e-15,2.0651847046156746e-10,3.980999999911191,-4.4896312581516185e-15,1.1854445033322853e-10
9.516666666666666,22.000000000265675,5.0,6.7,-4.171450291031457e-15,1.8885133847775955e-10,3.980999999918788,-4.489631258152534e-15,1.0840327292984897e-10
9.533333333333333,22.000000000275207,5.0,6.7,-4.171450291031457e-15,1.7312328547950747e-10,3.980999999925551,-4.489631258155929e-15,9.937515360275435e-11
9.55,22.00000000028797,5.0,6.7,-4.171450291031457e-15,1.5894347064215514e-10,3.9809999999316483,-4.4896312581604735e-15,9.123574432940382e-11
9.566666666666666,22.000000000298872,5.0,6.7,-4.171450291031457e-15,1.4577956954213148e-10,3.9809999999373087,-4.489631258164358e-15,8.36794835498658e-11
9.583333333333334,22.000000000307896,5.0,6.7,-4.171450291031457e-15,1.3362851827058194e-10,3.980999999942534,-4.489631258167571e-15,7.670461253866684e-11
9.6,22.00000000031503,5.0,6.7,-4.171450291031457e-15,1.224903168275091e-10,3.9809999999473233,-4.489631258170112e-15,7.031113129623662e-11
9.616666666666667,22.000000000320284,5.0,6.7,-4.171450291031457e-15,1.1236496521291059e-10,3.9809999999516767,-4.489631258171983e-15,6.449903982296627e-11
9.633333333333333,22.00000000032365,5.0,6.7,-4.171450291031457e-15,1.0325246342678854e-10,3.9809999999555954,-4.489631258173181e-15,5.926833811921348e-11
9.65,22.000000000324906,5.0,6.7,-4.171450291031457e-15,9.51073544809612e-11,3.9809999999590984,-4.48963125817363e-15,5.459293324713769e-11
9.666666666666666,22.000000000322224,5.0,6.7,-4.171450291031457e-15,8.755789852028569e-11,3.980999999962344,-4.489631258172674e-15,5.025944140307615e-11
9.683333333333334,22.000000000315197,5.0,6.7,-4.171450291031457e-15,8.052206712791182e-11,3.98099999996537,-4.489631258170172e-15,4.622077714456239e-11
9.7,22.00000000030382,5.0,6.7,-4.171450291031457e-15,7.399986030384112e-11,3.980999999968174,-4.48963125816612e-15,4.2476940471725344e-11
9.716666666666667,22.000000000288097,5.0,6.7,-4.171450291031457e-15,6.79912780480722e-11,3.980999999970758,-4.4896312581605185e-15,3.9027931384682717e-11
9.733333333333333,22.000000000268034,5.0,6.7,-4.171450291031457e-15,6.249632036060631e-11,3.980999999973121,-4.4896312581533746e-15,3.587374988354402e-11
9.75,22.00000000024362,5.0,6.7,-4.171450291031457e-15,5.751498724144232e-11,3.9809999999752628,-4.489631258144678e-15,3.301439596840757e-11
9.766666666666666,22.000000000216446,5.0,6.7,-4.171450291031457e-15,5.295272502429669e-11,3.9809999999772243,-4.489631258134998e-15,3.0395594530787966e-11
9.783333333333333,22.00000000018853,5.0,6.7,-4.171450291031457e-15,4.868815185752372e-11,3.9809999999790584,-4.489631258125055e-15,2.7947670713745523e-11
9.8,22.00000000015988,5.0,6.7,-4.171450291031457e-15,4.4720808145943905e-11,3.980999999980764,-4.489631258114851e-15,2.567036070335122e-11
9.816666666666666,22.000000000130502,5.0,6.7,-4.171450291031457e-15,4.1050693889557626e-11,3.9809999999823424,-4.489631258104388e-15,2.3563664499645133e-11
9.833333333333334,22.000000000100393,5.0,6.7,-4.171450291031457e-15,3.76778090883641e-11,3.980999999983793,-4.4896312580936625e-15,2.162758210266355e-11
9.85,22.00000000006955,5.0,6.7,-4.171450291031457e-15,3.460215374236405e-11,3.980999999985115,-4.489631258082679e-15,1.9862113512440536e-11
9.866666666666667,22.000000000038384,5.0,6.7,-4.171450291031457e-15,3.1812322732030195e-11,3.9809999999863153,-4.489631258071578e-15,1.8260712033090705e-11
9.883333333333333,22.00000000000993,5.0,6.7,-4.171450291031457e-15,2.9221485143806656e-11,3.9809999999874295,-4.489631258061442e-15,1.677353552262476e-11
9.9,21.999999999984826,5.0,6.7,-4.171450291031457e-15,2.681159708986146e-11,3.9809999999884655,-4.489631258052501e-15,1.539022654056832e-11
9.916666666666666,21.999999999963073,5.0,6.7,-4.171450291031457e-15,2.4582658570195126e-11,3.980999999989424,-4.489631258044754e-15,1.4110785086934974e-11
9.933333333333334,21.999999999944677,5.0,6.7,-4.171450291031457e-15,2.2534669584807173e-11,3.9809999999903045,-4.489631258038202e-15,1.2935211161736781e-11
9.95,21.999999999929628,5.0,6.7,-4.171450291031457e-15,2.0667630133698046e-11,3.9809999999911074,-4.489631258032841e-15,1.1863504764985361e-11
9.966666666666667,21.99999999991793,5.0,6.7,-4.171450291031457e-15,1.898154021686734e-11,3.9809999999918326,-4.4896312580286746e-15,1.0895665896690891e-11
9.983333333333333,21.99999999991398,5.0,6.7,-4.171450291031457e-15,1.743470391537328e-11,3.9809999999924974,-4.48963125802727e-15,1.0007760524286142e-11
10.0,21.99999999992309,5.0,6.7,-4.171450291031457e-15,1.5976719000850728e-11,3.9809999999931245,-4.4896312580305134e-15,9.170857073505377e-12
